date,pm25,pm10,year,month,day
2023-08-01,102.0,55.0,2023,8,1
2023-08-02,130.0,65.0,2023,8,2
2023-08-03,135.0,68.0,2023,8,3
2023-08-04,136.0,60.0,2023,8,4
2023-08-05,125.0,91.0,2023,8,5
2023-08-06,144.0,81.0,2023,8,6
2023-08-07,159.0,69.0,2023,8,7
2023-08-08,157.0,66.0,2023,8,8
2023-08-09,151.0,67.0,2023,8,9
2023-08-10,156.0,67.0,2023,8,10
2023-08-11,169.0,50.0,2023,8,11
2023-07-01,127.0,50.0,2023,7,1
2023-07-02,115.0,50.0,2023,7,2
2023-07-03,129.0,50.0,2023,7,3
2023-07-04,116.0,50.0,2023,7,4
2023-07-05,143.0,50.0,2023,7,5
2023-07-06,142.0,50.0,2023,7,6
2023-07-07,136.0,50.0,2023,7,7
2023-07-08,106.0,50.0,2023,7,8
2023-07-09,100.0,50.0,2023,7,9
2023-07-10,109.0,50.0,2023,7,10
2023-07-11,107.0,50.0,2023,7,11
2023-07-12,150.0,50.0,2023,7,12
2023-07-13,143.0,50.0,2023,7,13
2023-07-14,130.0,50.0,2023,7,14
2023-07-15,110.0,63.0,2023,7,15
2023-07-16,122.0,50.0,2023,7,16
2023-07-17,117.0,50.0,2023,7,17
2023-07-18,143.0,50.0,2023,7,18
2023-07-19,126.0,50.0,2023,7,19
2023-07-20,105.0,50.0,2023,7,20
2023-07-21,141.0,50.0,2023,7,21
2023-07-22,134.0,50.0,2023,7,22
2023-07-23,126.0,50.0,2023,7,23
2023-07-24,113.0,50.0,2023,7,24
2023-07-25,156.0,50.0,2023,7,25
2023-07-26,126.0,50.0,2023,7,26
2023-07-27,148.0,50.0,2023,7,27
2023-07-28,139.0,50.0,2023,7,28
2023-07-29,145.0,50.0,2023,7,29
2023-07-30,135.0,50.0,2023,7,30
2023-07-31,132.0,102.0,2023,7,31
2023-04-01,29.0,50.0,2023,4,1
2023-04-02,67.0,50.0,2023,4,2
2023-04-03,109.0,50.0,2023,4,3
2023-04-04,78.0,50.0,2023,4,4
2023-04-05,89.0,62.0,2023,4,5
2023-04-06,65.0,36.0,2023,4,6
2023-04-07,91.0,50.0,2023,4,7
2023-04-08,115.0,50.0,2023,4,8
2023-04-09,102.0,50.0,2023,4,9
2023-04-10,36.0,30.0,2023,4,10
2023-04-11,33.0,50.0,2023,4,11
2023-04-12,34.0,50.0,2023,4,12
2023-04-13,42.0,50.0,2023,4,13
2023-04-14,76.0,50.0,2023,4,14
2023-04-15,95.0,50.0,2023,4,15
2023-04-16,66.0,50.0,2023,4,16
2023-04-17,52.0,48.0,2023,4,17
2023-04-18,105.0,50.0,2023,4,18
2023-04-19,101.0,50.0,2023,4,19
2023-04-20,101.0,50.0,2023,4,20
2023-04-21,92.0,50.0,2023,4,21
2023-04-22,96.0,50.0,2023,4,22
2023-04-23,90.0,50.0,2023,4,23
2023-04-24,84.0,50.0,2023,4,24
2023-04-25,56.0,50.0,2023,4,25
2023-04-26,78.0,50.0,2023,4,26
2023-04-27,86.0,50.0,2023,4,27
2023-04-28,58.0,50.0,2023,4,28
2023-04-29,119.0,50.0,2023,4,29
2023-04-30,106.0,50.0,2023,4,30
2023-05-01,97.0,50.0,2023,5,1
2023-05-02,126.0,50.0,2023,5,2
2023-05-03,88.0,50.0,2023,5,3
2023-05-04,64.0,50.0,2023,5,4
2023-05-05,96.0,50.0,2023,5,5
2023-05-06,84.0,50.0,2023,5,6
2023-05-07,115.0,50.0,2023,5,7
2023-05-08,79.0,50.0,2023,5,8
2023-05-09,118.0,50.0,2023,5,9
2023-05-10,132.0,50.0,2023,5,10
2023-05-11,99.0,50.0,2023,5,11
2023-05-12,53.0,50.0,2023,5,12
2023-05-13,90.0,50.0,2023,5,13
2023-05-14,87.0,50.0,2023,5,14
2023-05-15,113.0,50.0,2023,5,15
2023-05-16,103.0,50.0,2023,5,16
2023-05-17,128.0,50.0,2023,5,17
2023-05-18,144.0,50.0,2023,5,18
2023-05-19,139.0,50.0,2023,5,19
2023-05-20,138.0,50.0,2023,5,20
2023-05-21,143.0,50.0,2023,5,21
2023-05-22,148.0,50.0,2023,5,22
2023-05-23,121.0,50.0,2023,5,23
2023-05-24,146.0,50.0,2023,5,24
2023-05-25,142.0,50.0,2023,5,25
2023-05-26,141.0,50.0,2023,5,26
2023-05-27,140.0,50.0,2023,5,27
2023-05-28,126.0,50.0,2023,5,28
2023-05-29,134.0,73.0,2023,5,29
2023-05-30,140.0,50.0,2023,5,30
2023-05-31,139.0,50.0,2023,5,31
2023-06-01,131.0,50.0,2023,6,1
2023-06-02,149.0,50.0,2023,6,2
2023-06-03,125.0,50.0,2023,6,3
2023-06-04,130.0,50.0,2023,6,4
2023-06-05,123.0,50.0,2023,6,5
2023-06-06,128.0,50.0,2023,6,6
2023-06-07,137.0,50.0,2023,6,7
2023-06-08,121.0,50.0,2023,6,8
2023-06-09,118.0,50.0,2023,6,9
2023-06-10,129.0,50.0,2023,6,10
2023-06-11,142.0,50.0,2023,6,11
2023-06-12,135.0,50.0,2023,6,12
2023-06-13,130.0,50.0,2023,6,13
2023-06-14,128.0,50.0,2023,6,14
2023-06-15,146.0,50.0,2023,6,15
2023-06-16,107.0,50.0,2023,6,16
2023-06-17,121.0,75.0,2023,6,17
2023-06-18,117.0,50.0,2023,6,18
2023-06-19,102.0,78.0,2023,6,19
2023-06-20,121.0,88.0,2023,6,20
2023-06-21,141.0,50.0,2023,6,21
2023-06-22,132.0,50.0,2023,6,22
2023-06-23,120.0,50.0,2023,6,23
2023-06-24,107.0,50.0,2023,6,24
2023-06-25,124.0,50.0,2023,6,25
2023-06-26,120.0,105.0,2023,6,26
2023-06-27,138.0,51.0,2023,6,27
2023-06-28,77.0,50.0,2023,6,28
2023-06-29,75.0,50.0,2023,6,29
2023-06-30,80.0,50.0,2023,6,30
2023-01-02,55.0,50.0,2023,1,2
2023-01-03,40.0,50.0,2023,1,3
2023-01-04,70.0,50.0,2023,1,4
2023-01-05,67.0,50.0,2023,1,5
2023-01-06,42.0,50.0,2023,1,6
2023-01-07,43.0,50.0,2023,1,7
2023-01-08,50.0,50.0,2023,1,8
2023-01-09,56.0,29.0,2023,1,9
2023-01-10,52.0,37.0,2023,1,10
2023-01-11,92.0,36.0,2023,1,11
2023-01-12,89.0,64.0,2023,1,12
2023-01-13,119.0,50.0,2023,1,13
2023-01-14,95.0,50.0,2023,1,14
2023-01-15,57.0,18.0,2023,1,15
2023-01-16,58.0,44.0,2023,1,16
2023-01-17,63.0,57.0,2023,1,17
2023-01-18,115.0,34.0,2023,1,18
2023-01-19,76.0,34.0,2023,1,19
2023-01-20,65.0,50.0,2023,1,20
2023-01-21,67.0,50.0,2023,1,21
2023-01-22,56.0,50.0,2023,1,22
2023-01-23,51.0,50.0,2023,1,23
2023-01-24,52.0,45.0,2023,1,24
2023-01-25,61.0,50.0,2023,1,25
2023-01-26,66.0,49.0,2023,1,26
2023-01-27,63.0,31.0,2023,1,27
2023-01-28,71.0,50.0,2023,1,28
2023-01-29,74.0,50.0,2023,1,29
2023-01-30,75.0,50.0,2023,1,30
2023-01-31,95.0,39.0,2023,1,31
2023-02-01,68.0,27.0,2023,2,1
2023-02-02,64.0,2.0,2023,2,2
2023-02-03,69.0,50.0,2023,2,3
2023-02-04,94.0,50.0,2023,2,4
2023-02-05,67.0,50.0,2023,2,5
2023-02-06,72.0,50.0,2023,2,6
2023-02-07,56.0,50.0,2023,2,7
2023-02-08,66.0,50.0,2023,2,8
2023-02-09,51.0,50.0,2023,2,9
2023-02-10,47.0,50.0,2023,2,10
2023-02-11,44.0,50.0,2023,2,11
2023-02-12,41.0,42.0,2023,2,12
2023-02-13,54.0,33.0,2023,2,13
2023-02-14,39.0,40.0,2023,2,14
2023-02-15,45.0,39.0,2023,2,15
2023-02-16,56.0,27.0,2023,2,16
2023-02-17,64.0,60.0,2023,2,17
2023-02-18,94.0,67.0,2023,2,18
2023-02-19,93.0,34.0,2023,2,19
2023-02-20,51.0,27.0,2023,2,20
2023-02-21,49.0,22.0,2023,2,21
2023-02-22,44.0,27.0,2023,2,22
2023-02-23,45.0,50.0,2023,2,23
2023-02-27,53.0,50.0,2023,2,27
2023-02-28,55.0,50.0,2023,2,28
2023-03-01,68.0,50.0,2023,3,1
2023-03-02,61.0,50.0,2023,3,2
2023-03-03,59.0,50.0,2023,3,3
2023-03-04,48.0,50.0,2023,3,4
2023-03-05,64.0,50.0,2023,3,5
2023-03-06,46.0,50.0,2023,3,6
2023-03-07,53.0,50.0,2023,3,7
2023-03-08,66.0,50.0,2023,3,8
2023-03-09,28.0,50.0,2023,3,9
2023-03-10,85.0,50.0,2023,3,10
2023-03-11,91.0,50.0,2023,3,11
2023-03-12,108.0,50.0,2023,3,12
2023-03-13,92.0,50.0,2023,3,13
2023-03-14,64.0,50.0,2023,3,14
2023-03-15,68.0,50.0,2023,3,15
2023-03-16,97.0,50.0,2023,3,16
2023-03-17,70.0,50.0,2023,3,17
2023-03-18,75.0,50.0,2023,3,18
2023-03-19,101.0,50.0,2023,3,19
2023-03-20,123.0,50.0,2023,3,20
2023-03-21,89.0,50.0,2023,3,21
2023-03-22,68.0,50.0,2023,3,22
2023-03-23,41.0,50.0,2023,3,23
2023-03-24,77.0,50.0,2023,3,24
2023-03-25,89.0,50.0,2023,3,25
2023-03-26,71.0,50.0,2023,3,26
2023-03-27,66.0,50.0,2023,3,27
2023-03-28,95.0,50.0,2023,3,28
2023-03-29,91.0,50.0,2023,3,29
2023-03-30,78.0,50.0,2023,3,30
2023-03-31,53.0,50.0,2023,3,31
2022-10-01,103.0,50.0,2022,10,1
2022-10-02,80.0,50.0,2022,10,2
2022-10-03,118.0,50.0,2022,10,3
2022-10-04,98.0,50.0,2022,10,4
2022-10-05,106.0,50.0,2022,10,5
2022-10-06,118.0,50.0,2022,10,6
2022-10-07,99.0,50.0,2022,10,7
2022-10-08,79.0,50.0,2022,10,8
2022-10-09,119.0,50.0,2022,10,9
2022-10-10,100.0,50.0,2022,10,10
2022-10-11,151.0,50.0,2022,10,11
2022-10-12,142.0,50.0,2022,10,12
2022-10-13,123.0,50.0,2022,10,13
2022-10-14,107.0,50.0,2022,10,14
2022-10-15,118.0,50.0,2022,10,15
2022-10-16,129.0,50.0,2022,10,16
2022-10-17,126.0,50.0,2022,10,17
2022-10-18,134.0,50.0,2022,10,18
2022-10-19,135.0,50.0,2022,10,19
2022-10-20,125.0,50.0,2022,10,20
2022-10-21,86.0,50.0,2022,10,21
2022-10-22,111.0,50.0,2022,10,22
2022-10-23,87.0,50.0,2022,10,23
2022-10-24,62.0,50.0,2022,10,24
2022-10-25,83.0,50.0,2022,10,25
2022-10-26,68.0,50.0,2022,10,26
2022-10-27,98.0,50.0,2022,10,27
2022-10-28,94.0,50.0,2022,10,28
2022-10-29,99.0,50.0,2022,10,29
2022-10-30,91.0,50.0,2022,10,30
2022-10-31,97.0,50.0,2022,10,31
2022-11-01,127.0,50.0,2022,11,1
2022-11-02,127.0,50.0,2022,11,2
2022-11-03,114.0,50.0,2022,11,3
2022-11-04,137.0,50.0,2022,11,4
2022-11-05,123.0,50.0,2022,11,5
2022-11-06,91.0,50.0,2022,11,6
2022-11-07,100.0,50.0,2022,11,7
2022-11-08,131.0,50.0,2022,11,8
2022-11-09,116.0,50.0,2022,11,9
2022-11-10,88.0,50.0,2022,11,10
2022-11-11,69.0,50.0,2022,11,11
2022-11-12,70.0,50.0,2022,11,12
2022-11-13,89.0,50.0,2022,11,13
2022-11-14,88.0,50.0,2022,11,14
2022-11-15,82.0,50.0,2022,11,15
2022-11-16,76.0,50.0,2022,11,16
2022-11-17,85.0,50.0,2022,11,17
2022-11-18,70.0,50.0,2022,11,18
2022-11-19,84.0,50.0,2022,11,19
2022-11-20,64.0,50.0,2022,11,20
2022-11-21,70.0,50.0,2022,11,21
2022-11-22,70.0,50.0,2022,11,22
2022-11-23,79.0,50.0,2022,11,23
2022-11-24,75.0,50.0,2022,11,24
2022-11-25,107.0,50.0,2022,11,25
2022-11-26,117.0,50.0,2022,11,26
2022-11-27,130.0,50.0,2022,11,27
2022-11-28,118.0,50.0,2022,11,28
2022-11-29,108.0,50.0,2022,11,29
2022-11-30,94.0,50.0,2022,11,30
2022-12-01,102.0,50.0,2022,12,1
2022-12-02,104.0,50.0,2022,12,2
2022-12-03,97.0,50.0,2022,12,3
2022-12-04,121.0,50.0,2022,12,4
2022-12-05,129.0,50.0,2022,12,5
2022-12-06,116.0,50.0,2022,12,6
2022-12-07,132.0,50.0,2022,12,7
2022-12-08,111.0,50.0,2022,12,8
2022-12-09,56.0,50.0,2022,12,9
2022-12-10,80.0,50.0,2022,12,10
2022-12-11,64.0,50.0,2022,12,11
2022-12-12,42.0,12.0,2022,12,12
2022-12-13,40.0,50.0,2022,12,13
2022-12-14,41.0,50.0,2022,12,14
2022-12-15,58.0,50.0,2022,12,15
2022-12-16,79.0,50.0,2022,12,16
2022-12-17,122.0,50.0,2022,12,17
2022-12-18,126.0,50.0,2022,12,18
2022-12-19,128.0,50.0,2022,12,19
2022-12-20,96.0,50.0,2022,12,20
2022-12-21,93.0,50.0,2022,12,21
2022-12-22,56.0,50.0,2022,12,22
2022-12-23,53.0,50.0,2022,12,23
2022-12-24,103.0,50.0,2022,12,24
2022-12-25,59.0,50.0,2022,12,25
2022-12-26,79.0,50.0,2022,12,26
2022-12-27,47.0,50.0,2022,12,27
2022-12-28,57.0,50.0,2022,12,28
2022-12-29,54.0,50.0,2022,12,29
2022-12-30,75.0,50.0,2022,12,30
2022-12-31,75.0,50.0,2022,12,31
2023-01-01,57.0,50.0,2023,1,1
2022-07-01,142.0,50.0,2022,7,1
2022-07-02,160.0,50.0,2022,7,2
2022-07-03,125.0,50.0,2022,7,3
2022-07-04,77.0,50.0,2022,7,4
2022-07-05,106.0,50.0,2022,7,5
2022-07-06,89.0,50.0,2022,7,6
2022-07-07,113.0,50.0,2022,7,7
2022-07-08,108.0,50.0,2022,7,8
2022-07-09,98.0,50.0,2022,7,9
2022-07-10,110.0,50.0,2022,7,10
2022-07-11,140.0,50.0,2022,7,11
2022-07-12,135.0,50.0,2022,7,12
2022-07-13,127.0,50.0,2022,7,13
2022-07-14,108.0,44.0,2022,7,14
2022-07-15,88.0,50.0,2022,7,15
2022-07-16,69.0,50.0,2022,7,16
2022-07-17,98.0,50.0,2022,7,17
2022-07-18,147.0,50.0,2022,7,18
2022-07-19,132.0,50.0,2022,7,19
2022-07-20,144.0,58.0,2022,7,20
2022-07-21,137.0,56.0,2022,7,21
2022-07-22,131.0,49.0,2022,7,22
2022-07-23,90.0,50.0,2022,7,23
2022-07-24,106.0,41.0,2022,7,24
2022-07-25,97.0,52.0,2022,7,25
2022-07-26,112.0,62.0,2022,7,26
2022-07-27,141.0,71.0,2022,7,27
2022-07-28,139.0,38.0,2022,7,28
2022-07-29,103.0,50.0,2022,7,29
2022-07-30,112.0,50.0,2022,7,30
2022-07-31,139.0,50.0,2022,7,31
2022-08-01,87.0,50.0,2022,8,1
2022-08-02,148.0,50.0,2022,8,2
2022-08-03,138.0,50.0,2022,8,3
2022-08-04,89.0,50.0,2022,8,4
2022-08-05,71.0,50.0,2022,8,5
2022-08-06,105.0,50.0,2022,8,6
2022-08-07,130.0,50.0,2022,8,7
2022-08-08,95.0,50.0,2022,8,8
2022-08-09,89.0,50.0,2022,8,9
2022-08-10,120.0,50.0,2022,8,10
2022-08-11,120.0,50.0,2022,8,11
2022-08-12,103.0,50.0,2022,8,12
2022-08-13,102.0,50.0,2022,8,13
2022-08-14,105.0,50.0,2022,8,14
2022-08-15,97.0,50.0,2022,8,15
2022-08-16,114.0,50.0,2022,8,16
2022-08-17,103.0,50.0,2022,8,17
2022-08-18,97.0,50.0,2022,8,18
2022-08-19,98.0,50.0,2022,8,19
2022-08-20,119.0,50.0,2022,8,20
2022-08-21,119.0,50.0,2022,8,21
2022-08-22,115.0,50.0,2022,8,22
2022-08-23,148.0,50.0,2022,8,23
2022-08-24,144.0,50.0,2022,8,24
2022-08-25,126.0,50.0,2022,8,25
2022-08-26,158.0,50.0,2022,8,26
2022-08-27,145.0,50.0,2022,8,27
2022-08-28,122.0,50.0,2022,8,28
2022-08-29,125.0,50.0,2022,8,29
2022-08-30,123.0,50.0,2022,8,30
2022-08-31,148.0,50.0,2022,8,31
2022-09-01,110.0,50.0,2022,9,1
2022-09-02,128.0,50.0,2022,9,2
2022-09-03,97.0,50.0,2022,9,3
2022-09-04,57.0,50.0,2022,9,4
2022-09-05,132.0,50.0,2022,9,5
2022-09-06,105.0,50.0,2022,9,6
2022-09-07,110.0,50.0,2022,9,7
2022-09-08,128.0,50.0,2022,9,8
2022-09-09,138.0,50.0,2022,9,9
2022-09-10,125.0,50.0,2022,9,10
2022-09-11,113.0,50.0,2022,9,11
2022-09-12,102.0,50.0,2022,9,12
2022-09-13,135.0,50.0,2022,9,13
2022-09-14,135.0,50.0,2022,9,14
2022-09-15,134.0,50.0,2022,9,15
2022-09-16,133.0,50.0,2022,9,16
2022-09-17,135.0,50.0,2022,9,17
2022-09-18,158.0,50.0,2022,9,18
2022-09-19,138.0,50.0,2022,9,19
2022-09-20,137.0,50.0,2022,9,20
2022-09-21,126.0,50.0,2022,9,21
2022-09-22,141.0,50.0,2022,9,22
2022-09-23,138.0,50.0,2022,9,23
2022-09-24,102.0,50.0,2022,9,24
2022-09-25,126.0,50.0,2022,9,25
2022-09-26,121.0,50.0,2022,9,26
2022-09-27,102.0,50.0,2022,9,27
2022-09-28,134.0,50.0,2022,9,28
2022-09-29,129.0,50.0,2022,9,29
2022-09-30,132.0,50.0,2022,9,30
2022-04-01,138.0,62.0,2022,4,1
2022-04-02,85.0,33.0,2022,4,2
2022-04-03,51.0,17.0,2022,4,3
2022-04-04,91.0,52.0,2022,4,4
2022-04-05,125.0,38.0,2022,4,5
2022-04-06,94.0,43.0,2022,4,6
2022-04-07,102.0,27.0,2022,4,7
2022-04-08,73.0,43.0,2022,4,8
2022-04-09,102.0,52.0,2022,4,9
2022-04-10,124.0,44.0,2022,4,10
2022-04-11,113.0,60.0,2022,4,11
2022-04-12,155.0,71.0,2022,4,12
2022-04-13,153.0,41.0,2022,4,13
2022-04-14,104.0,51.0,2022,4,14
2022-04-15,132.0,48.0,2022,4,15
2022-04-16,125.0,56.0,2022,4,16
2022-04-17,128.0,37.0,2022,4,17
2022-04-18,98.0,44.0,2022,4,18
2022-04-19,108.0,38.0,2022,4,19
2022-04-20,86.0,31.0,2022,4,20
2022-04-21,82.0,64.0,2022,4,21
2022-04-22,135.0,46.0,2022,4,22
2022-04-23,115.0,41.0,2022,4,23
2022-04-24,106.0,49.0,2022,4,24
2022-04-25,115.0,33.0,2022,4,25
2022-04-26,81.0,24.0,2022,4,26
2022-04-27,66.0,20.0,2022,4,27
2022-04-28,56.0,50.0,2022,4,28
2022-04-29,51.0,50.0,2022,4,29
2022-04-30,98.0,50.0,2022,4,30
2022-05-01,101.0,50.0,2022,5,1
2022-05-02,103.0,50.0,2022,5,2
2022-05-03,71.0,50.0,2022,5,3
2022-05-04,89.0,50.0,2022,5,4
2022-05-05,74.0,50.0,2022,5,5
2022-05-06,65.0,50.0,2022,5,6
2022-05-07,104.0,50.0,2022,5,7
2022-05-08,76.0,50.0,2022,5,8
2022-05-09,90.0,50.0,2022,5,9
2022-05-10,103.0,50.0,2022,5,10
2022-05-11,94.0,34.0,2022,5,11
2022-05-12,90.0,29.0,2022,5,12
2022-05-13,76.0,49.0,2022,5,13
2022-05-14,117.0,50.0,2022,5,14
2022-05-15,125.0,44.0,2022,5,15
2022-05-16,113.0,33.0,2022,5,16
2022-05-17,106.0,50.0,2022,5,17
2022-05-18,115.0,50.0,2022,5,18
2022-05-19,147.0,20.0,2022,5,19
2022-05-20,109.0,44.0,2022,5,20
2022-05-21,102.0,50.0,2022,5,21
2022-05-22,108.0,50.0,2022,5,22
2022-05-23,115.0,50.0,2022,5,23
2022-05-24,109.0,50.0,2022,5,24
2022-05-25,130.0,50.0,2022,5,25
2022-05-26,106.0,50.0,2022,5,26
2022-05-27,138.0,50.0,2022,5,27
2022-05-28,125.0,50.0,2022,5,28
2022-05-29,87.0,50.0,2022,5,29
2022-05-30,93.0,25.0,2022,5,30
2022-05-31,117.0,23.0,2022,5,31
2022-06-02,79.0,32.0,2022,6,2
2022-06-03,99.0,50.0,2022,6,3
2022-06-04,122.0,50.0,2022,6,4
2022-06-05,126.0,50.0,2022,6,5
2022-06-06,117.0,50.0,2022,6,6
2022-06-07,107.0,39.0,2022,6,7
2022-06-08,100.0,36.0,2022,6,8
2022-06-09,85.0,51.0,2022,6,9
2022-06-10,100.0,50.0,2022,6,10
2022-06-11,102.0,50.0,2022,6,11
2022-06-12,125.0,50.0,2022,6,12
2022-06-13,105.0,50.0,2022,6,13
2022-06-14,123.0,50.0,2022,6,14
2022-06-15,152.0,76.0,2022,6,15
2022-06-16,138.0,50.0,2022,6,16
2022-06-17,134.0,50.0,2022,6,17
2022-06-18,132.0,50.0,2022,6,18
2022-06-19,135.0,50.0,2022,6,19
2022-06-20,147.0,64.0,2022,6,20
2022-06-21,131.0,50.0,2022,6,21
2022-06-22,136.0,67.0,2022,6,22
2022-06-23,130.0,50.0,2022,6,23
2022-06-24,155.0,50.0,2022,6,24
2022-06-25,139.0,50.0,2022,6,25
2022-06-26,122.0,50.0,2022,6,26
2022-06-27,117.0,50.0,2022,6,27
2022-06-28,106.0,50.0,2022,6,28
2022-06-29,93.0,63.0,2022,6,29
2022-06-30,123.0,50.0,2022,6,30
2022-01-27,72.0,50.0,2022,1,27
2022-01-28,83.0,50.0,2022,1,28
2022-01-29,128.0,50.0,2022,1,29
2022-01-30,145.0,50.0,2022,1,30
2022-01-31,93.0,50.0,2022,1,31
2022-02-01,90.0,50.0,2022,2,1
2022-02-02,65.0,50.0,2022,2,2
2022-02-03,85.0,50.0,2022,2,3
2022-02-04,70.0,50.0,2022,2,4
2022-02-05,78.0,50.0,2022,2,5
2022-02-06,59.0,50.0,2022,2,6
2022-02-07,58.0,50.0,2022,2,7
2022-02-08,114.0,50.0,2022,2,8
2022-02-09,95.0,50.0,2022,2,9
2022-02-10,63.0,50.0,2022,2,10
2022-02-11,124.0,50.0,2022,2,11
2022-02-15,146.0,50.0,2022,2,15
2022-02-16,118.0,50.0,2022,2,16
2022-02-17,119.0,50.0,2022,2,17
2022-02-18,109.0,50.0,2022,2,18
2022-02-19,124.0,50.0,2022,2,19
2022-02-20,104.0,50.0,2022,2,20
2022-02-21,95.0,50.0,2022,2,21
2022-02-22,98.0,50.0,2022,2,22
2022-02-23,97.0,50.0,2022,2,23
2022-02-24,61.0,50.0,2022,2,24
2022-02-25,63.0,19.0,2022,2,25
2022-02-26,66.0,21.0,2022,2,26
2022-02-27,55.0,14.0,2022,2,27
2022-02-28,74.0,22.0,2022,2,28
2022-03-01,62.0,19.0,2022,3,1
2022-03-02,71.0,28.0,2022,3,2
2022-03-03,56.0,19.0,2022,3,3
2022-03-04,68.0,21.0,2022,3,4
2022-03-05,66.0,24.0,2022,3,5
2022-03-06,66.0,21.0,2022,3,6
2022-03-07,60.0,18.0,2022,3,7
2022-03-08,75.0,27.0,2022,3,8
2022-03-11,115.0,60.0,2022,3,11
2022-03-12,54.0,50.0,2022,3,12
2022-03-13,72.0,50.0,2022,3,13
2022-03-14,115.0,50.0,2022,3,14
2022-03-15,96.0,50.0,2022,3,15
2022-03-16,108.0,50.0,2022,3,16
2022-03-17,123.0,50.0,2022,3,17
2022-03-18,120.0,34.0,2022,3,18
2022-03-19,68.0,21.0,2022,3,19
2022-03-20,62.0,50.0,2022,3,20
2022-03-21,49.0,50.0,2022,3,21
2022-03-22,71.0,50.0,2022,3,22
2022-03-23,52.0,50.0,2022,3,23
2022-03-25,129.0,61.0,2022,3,25
2022-03-26,131.0,54.0,2022,3,26
2022-03-27,129.0,52.0,2022,3,27
2022-03-28,72.0,27.0,2022,3,28
2022-03-29,107.0,46.0,2022,3,29
2022-03-30,114.0,50.0,2022,3,30
2022-03-31,88.0,37.0,2022,3,31
2021-10-14,22.0,62.0,2021,10,14
2021-10-15,39.0,72.0,2021,10,15
2021-10-16,32.0,50.0,2021,10,16
2021-10-17,36.0,50.0,2021,10,17
2021-10-18,13.0,22.0,2021,10,18
2021-10-19,28.0,37.0,2021,10,19
2021-10-20,20.0,50.0,2021,10,20
2021-10-21,28.0,50.0,2021,10,21
2021-10-22,39.0,70.0,2021,10,22
2021-10-23,31.0,50.0,2021,10,23
2021-10-24,30.0,55.0,2021,10,24
2021-10-26,28.0,51.0,2021,10,26
2021-10-27,26.0,34.0,2021,10,27
2021-10-28,24.0,50.0,2021,10,28
2021-10-29,31.0,50.0,2021,10,29
2021-10-30,25.0,50.0,2021,10,30
2021-10-31,33.0,63.0,2021,10,31
2021-11-01,27.0,57.0,2021,11,1
2021-11-02,26.0,37.0,2021,11,2
2021-11-03,23.0,44.0,2021,11,3
2021-11-04,27.0,46.0,2021,11,4
2021-11-05,33.0,39.0,2021,11,5
2021-11-06,28.0,32.0,2021,11,6
2021-11-07,21.0,28.0,2021,11,7
2021-11-08,29.0,42.0,2021,11,8
2021-11-09,28.0,35.0,2021,11,9
2021-11-10,14.0,22.0,2021,11,10
2021-11-11,19.0,50.0,2021,11,11
2021-11-12,23.0,10.0,2021,11,12
2021-07-01,24.0,49.0,2021,7,1
2021-07-02,39.0,49.0,2021,7,2
2021-07-03,24.0,61.0,2021,7,3
2021-07-04,32.0,68.0,2021,7,4
2021-07-05,34.0,53.0,2021,7,5
2021-07-06,21.0,62.0,2021,7,6
2021-07-07,30.0,71.0,2021,7,7
2021-07-08,29.0,66.0,2021,7,8
2021-07-09,29.0,55.0,2021,7,9
2021-07-10,24.0,49.0,2021,7,10
2021-07-11,20.0,44.0,2021,7,11
2021-07-12,19.0,63.0,2021,7,12
2021-07-13,21.0,37.0,2021,7,13
2021-07-14,17.0,88.0,2021,7,14
2021-07-15,35.0,72.0,2021,7,15
2021-07-16,37.0,57.0,2021,7,16
2021-07-17,30.0,71.0,2021,7,17
2021-07-18,28.0,72.0,2021,7,18
2021-07-19,30.0,50.0,2021,7,19
2021-07-26,38.0,50.0,2021,7,26
2021-07-27,27.0,50.0,2021,7,27
2021-07-28,37.0,50.0,2021,7,28
2021-07-29,25.0,68.0,2021,7,29
2021-07-30,30.0,50.0,2021,7,30
2021-07-31,13.0,37.0,2021,7,31
2021-08-01,22.0,33.0,2021,8,1
2021-08-02,19.0,50.0,2021,8,2
2021-08-03,23.0,37.0,2021,8,3
2021-08-04,23.0,51.0,2021,8,4
2021-08-05,25.0,46.0,2021,8,5
2021-08-06,29.0,54.0,2021,8,6
2021-08-07,28.0,55.0,2021,8,7
2021-08-08,28.0,46.0,2021,8,8
2021-08-09,25.0,33.0,2021,8,9
2021-08-10,16.0,54.0,2021,8,10
2021-08-11,25.0,51.0,2021,8,11
2021-08-12,31.0,65.0,2021,8,12
2021-08-13,24.0,68.0,2021,8,13
2021-08-16,16.0,57.0,2021,8,16
2021-08-17,28.0,53.0,2021,8,17
2021-08-18,24.0,58.0,2021,8,18
2021-08-19,29.0,52.0,2021,8,19
2021-08-20,31.0,47.0,2021,8,20
2021-08-21,23.0,53.0,2021,8,21
2021-08-22,32.0,55.0,2021,8,22
2021-08-23,32.0,64.0,2021,8,23
2021-08-24,33.0,51.0,2021,8,24
2021-08-25,29.0,52.0,2021,8,25
2021-08-26,29.0,61.0,2021,8,26
2021-08-27,37.0,66.0,2021,8,27
2021-08-28,36.0,64.0,2021,8,28
2021-08-29,38.0,71.0,2021,8,29
2021-08-30,37.0,58.0,2021,8,30
2021-08-31,24.0,58.0,2021,8,31
2021-09-01,43.0,55.0,2021,9,1
2021-09-02,39.0,55.0,2021,9,2
2021-09-03,25.0,48.0,2021,9,3
2021-09-04,23.0,56.0,2021,9,4
2021-09-05,34.0,54.0,2021,9,5
2021-09-06,34.0,41.0,2021,9,6
2021-09-07,20.0,46.0,2021,9,7
2021-09-08,28.0,43.0,2021,9,8
2021-09-09,30.0,47.0,2021,9,9
2021-09-10,25.0,55.0,2021,9,10
2021-09-11,30.0,43.0,2021,9,11
2021-09-12,27.0,36.0,2021,9,12
2021-09-13,29.0,32.0,2021,9,13
2021-09-14,20.0,39.0,2021,9,14
2021-09-15,34.0,35.0,2021,9,15
2021-09-16,24.0,37.0,2021,9,16
2021-09-17,31.0,45.0,2021,9,17
2021-09-18,25.0,45.0,2021,9,18
2021-09-19,22.0,43.0,2021,9,19
2021-09-20,24.0,52.0,2021,9,20
2021-09-21,25.0,45.0,2021,9,21
2021-09-22,33.0,49.0,2021,9,22
2021-09-23,28.0,43.0,2021,9,23
2021-09-24,31.0,44.0,2021,9,24
2021-09-25,38.0,39.0,2021,9,25
2021-09-26,28.0,43.0,2021,9,26
2021-09-27,29.0,37.0,2021,9,27
2021-09-28,21.0,47.0,2021,9,28
2021-09-29,29.0,56.0,2021,9,29
2021-09-30,45.0,51.0,2021,9,30
2021-04-12,21.0,46.0,2021,4,12
2021-04-13,25.0,40.0,2021,4,13
2021-04-14,24.0,45.0,2021,4,14
2021-04-15,19.0,46.0,2021,4,15
2021-04-16,29.0,48.0,2021,4,16
2021-04-17,25.0,51.0,2021,4,17
2021-04-18,25.0,47.0,2021,4,18
2021-04-19,30.0,49.0,2021,4,19
2021-04-20,38.0,49.0,2021,4,20
2021-04-23,25.0,64.0,2021,4,23
2021-04-24,31.0,59.0,2021,4,24
2021-04-26,1.0,50.0,2021,4,26
2021-04-27,33.0,55.0,2021,4,27
2021-04-28,22.0,42.0,2021,4,28
2021-04-29,29.0,51.0,2021,4,29
2021-04-30,24.0,50.0,2021,4,30
2021-05-01,26.0,50.0,2021,5,1
2021-05-02,21.0,50.0,2021,5,2
2021-05-03,21.0,44.0,2021,5,3
2021-05-04,27.0,44.0,2021,5,4
2021-05-05,26.0,44.0,2021,5,5
2021-05-06,20.0,37.0,2021,5,6
2021-05-07,31.0,48.0,2021,5,7
2021-05-08,18.0,40.0,2021,5,8
2021-05-09,18.0,24.0,2021,5,9
2021-05-10,26.0,47.0,2021,5,10
2021-05-11,35.0,55.0,2021,5,11
2021-05-12,25.0,57.0,2021,5,12
2021-05-13,33.0,55.0,2021,5,13
2021-05-14,26.0,41.0,2021,5,14
2021-05-15,22.0,40.0,2021,5,15
2021-05-16,25.0,39.0,2021,5,16
2021-05-17,24.0,34.0,2021,5,17
2021-05-18,18.0,25.0,2021,5,18
2021-05-19,26.0,42.0,2021,5,19
2021-05-20,13.0,49.0,2021,5,20
2021-05-21,35.0,49.0,2021,5,21
2021-05-22,22.0,50.0,2021,5,22
2021-05-23,30.0,59.0,2021,5,23
2021-05-24,32.0,81.0,2021,5,24
2021-05-25,25.0,37.0,2021,5,25
2021-05-26,28.0,55.0,2021,5,26
2021-05-27,12.0,46.0,2021,5,27
2021-05-31,2.0,44.0,2021,5,31
2021-06-01,27.0,58.0,2021,6,1
2021-06-02,31.0,51.0,2021,6,2
2021-06-03,25.0,58.0,2021,6,3
2021-06-04,32.0,60.0,2021,6,4
2021-06-05,29.0,51.0,2021,6,5
2021-06-06,24.0,47.0,2021,6,6
2021-06-07,19.0,51.0,2021,6,7
2021-06-08,19.0,53.0,2021,6,8
2021-06-09,15.0,67.0,2021,6,9
2021-06-10,32.0,61.0,2021,6,10
2021-06-11,14.0,50.0,2021,6,11
2021-06-12,29.0,57.0,2021,6,12
2021-06-13,22.0,45.0,2021,6,13
2021-06-14,25.0,65.0,2021,6,14
2021-06-15,28.0,45.0,2021,6,15
2021-06-16,31.0,76.0,2021,6,16
2021-06-17,31.0,67.0,2021,6,17
2021-06-18,32.0,60.0,2021,6,18
2021-06-19,35.0,65.0,2021,6,19
2021-06-20,40.0,76.0,2021,6,20
2021-06-21,51.0,88.0,2021,6,21
2021-06-22,28.0,31.0,2021,6,22
2021-06-23,31.0,63.0,2021,6,23
2021-06-29,6.0,57.0,2021,6,29
2021-06-30,37.0,60.0,2021,6,30
2021-01-04,93.0,34.0,2021,1,4
2021-01-05,71.0,29.0,2021,1,5
2021-01-06,83.0,23.0,2021,1,6
2021-01-07,69.0,33.0,2021,1,7
2021-01-08,65.0,35.0,2021,1,8
2021-01-09,96.0,25.0,2021,1,9
2021-01-10,60.0,31.0,2021,1,10
2021-01-11,94.0,30.0,2021,1,11
2021-01-12,69.0,30.0,2021,1,12
2021-01-13,108.0,27.0,2021,1,13
2021-01-14,49.0,36.0,2021,1,14
2021-01-15,99.0,62.0,2021,1,15
2021-01-16,120.0,48.0,2021,1,16
2021-01-17,86.0,27.0,2021,1,17
2021-01-18,62.0,36.0,2021,1,18
2021-01-19,100.0,33.0,2021,1,19
2021-01-20,82.0,38.0,2021,1,20
2021-01-21,93.0,37.0,2021,1,21
2021-01-22,93.0,59.0,2021,1,22
2021-01-23,128.0,28.0,2021,1,23
2021-01-24,51.0,56.0,2021,1,24
2021-01-27,8.0,22.0,2021,1,27
2021-01-28,15.0,23.0,2021,1,28
2021-01-29,19.0,27.0,2021,1,29
2021-01-30,14.0,39.0,2021,1,30
2021-01-31,16.0,52.0,2021,1,31
2021-02-01,32.0,25.0,2021,2,1
2021-02-02,18.0,20.0,2021,2,2
2021-02-03,17.0,36.0,2021,2,3
2021-02-04,9.0,27.0,2021,2,4
2021-02-05,1.0,27.0,2021,2,5
2021-02-06,13.0,27.0,2021,2,6
2021-02-07,11.0,22.0,2021,2,7
2021-02-08,10.0,33.0,2021,2,8
2021-02-09,15.0,27.0,2021,2,9
2021-02-10,13.0,21.0,2021,2,10
2021-02-11,15.0,24.0,2021,2,11
2021-02-12,16.0,22.0,2021,2,12
2021-02-13,15.0,34.0,2021,2,13
2021-02-14,11.0,34.0,2021,2,14
2021-02-15,18.0,21.0,2021,2,15
2021-02-16,11.0,35.0,2021,2,16
2021-02-17,21.0,35.0,2021,2,17
2021-02-18,12.0,50.0,2021,2,18
2021-02-19,14.0,24.0,2021,2,19
2021-02-20,11.0,50.0,2021,2,20
2021-02-21,14.0,50.0,2021,2,21
2021-02-22,23.0,50.0,2021,2,22
2021-02-23,19.0,16.0,2021,2,23
2021-02-24,18.0,28.0,2021,2,24
2021-02-25,16.0,21.0,2021,2,25
2021-02-26,12.0,46.0,2021,2,26
2021-02-27,21.0,30.0,2021,2,27
2021-02-28,20.0,21.0,2021,2,28
2021-03-01,21.0,27.0,2021,3,1
2021-03-02,13.0,30.0,2021,3,2
2021-03-03,22.0,37.0,2021,3,3
2021-03-04,21.0,38.0,2021,3,4
2021-03-05,24.0,39.0,2021,3,5
2021-03-06,25.0,54.0,2021,3,6
2021-03-07,31.0,29.0,2021,3,7
2021-03-08,18.0,28.0,2021,3,8
2021-03-09,17.0,36.0,2021,3,9
2021-03-10,19.0,18.0,2021,3,10
2021-03-11,4.0,34.0,2021,3,11
2021-03-12,13.0,25.0,2021,3,12
2021-03-13,9.0,26.0,2021,3,13
2021-03-17,3.0,69.0,2021,3,17
2021-03-18,34.0,44.0,2021,3,18
2021-03-19,21.0,40.0,2021,3,19
2021-03-20,20.0,29.0,2021,3,20
2021-03-21,18.0,29.0,2021,3,21
2021-03-22,16.0,27.0,2021,3,22
2021-03-23,23.0,19.0,2021,3,23
2021-03-24,19.0,20.0,2021,3,24
2021-03-25,13.0,40.0,2021,3,25
2021-03-26,25.0,45.0,2021,3,26
2021-03-27,8.0,45.0,2021,3,27
2021-03-28,35.0,42.0,2021,3,28
2020-10-10,110.0,53.0,2020,10,10
2020-10-11,109.0,51.0,2020,10,11
2020-10-12,113.0,64.0,2020,10,12
2020-10-13,123.0,61.0,2020,10,13
2020-10-14,129.0,63.0,2020,10,14
2020-10-15,98.0,62.0,2020,10,15
2020-10-16,98.0,55.0,2020,10,16
2020-10-17,98.0,47.0,2020,10,17
2020-10-18,98.0,50.0,2020,10,18
2020-10-19,98.0,54.0,2020,10,19
2020-10-20,98.0,52.0,2020,10,20
2020-11-11,180.0,62.0,2020,11,11
2020-11-20,75.0,47.0,2020,11,20
2020-11-21,104.0,52.0,2020,11,21
2020-11-22,118.0,50.0,2020,11,22
2020-11-23,119.0,45.0,2020,11,23
2020-11-24,77.0,37.0,2020,11,24
2020-11-26,125.0,44.0,2020,11,26
2020-11-27,102.0,35.0,2020,11,27
2020-11-28,118.0,47.0,2020,11,28
2020-11-29,90.0,29.0,2020,11,29
2020-11-30,101.0,18.0,2020,11,30
2020-12-01,90.0,18.0,2020,12,1
2020-12-02,108.0,31.0,2020,12,2
2020-12-03,82.0,31.0,2020,12,3
2020-12-04,72.0,31.0,2020,12,4
2020-12-05,66.0,26.0,2020,12,5
2020-12-06,46.0,25.0,2020,12,6
2020-12-07,54.0,26.0,2020,12,7
2020-12-08,79.0,34.0,2020,12,8
2020-12-09,95.0,50.0,2020,12,9
2020-12-10,69.0,50.0,2020,12,10
2020-12-11,59.0,18.0,2020,12,11
2020-12-12,55.0,25.0,2020,12,12
2020-12-13,59.0,27.0,2020,12,13
2020-12-14,58.0,19.0,2020,12,14
2020-12-15,76.0,22.0,2020,12,15
2020-12-16,112.0,19.0,2020,12,16
2020-12-17,94.0,23.0,2020,12,17
2020-12-18,101.0,24.0,2020,12,18
2020-12-19,71.0,29.0,2020,12,19
2020-12-20,72.0,23.0,2020,12,20
2020-12-21,79.0,16.0,2020,12,21
2020-12-23,53.0,30.0,2020,12,23
2020-12-30,89.0,24.0,2020,12,30
2020-12-31,63.0,24.0,2020,12,31
2021-01-01,91.0,26.0,2021,1,1
2021-01-02,96.0,27.0,2021,1,2
2021-01-03,71.0,25.0,2021,1,3
2020-08-07,64.0,57.0,2020,8,7
2020-08-10,33.0,57.0,2020,8,10
2020-08-11,126.0,60.0,2020,8,11
2020-08-12,134.0,57.0,2020,8,12
2020-08-13,68.0,33.0,2020,8,13
2020-08-14,103.0,35.0,2020,8,14
2020-08-15,140.0,62.0,2020,8,15
2020-08-16,115.0,26.0,2020,8,16
2020-08-17,125.0,41.0,2020,8,17
2020-08-18,96.0,50.0,2020,8,18
2020-08-19,136.0,61.0,2020,8,19
2020-08-20,105.0,45.0,2020,8,20
2020-08-21,99.0,42.0,2020,8,21
2020-08-22,140.0,58.0,2020,8,22
2020-08-23,143.0,63.0,2020,8,23
2020-08-24,104.0,57.0,2020,8,24
2020-08-25,108.0,53.0,2020,8,25
2020-08-26,108.0,55.0,2020,8,26
2020-08-27,107.0,53.0,2020,8,27
2020-08-28,142.0,56.0,2020,8,28
2020-08-29,111.0,56.0,2020,8,29
2020-08-30,112.0,57.0,2020,8,30
2020-08-31,116.0,63.0,2020,8,31
2020-09-01,135.0,55.0,2020,9,1
2020-09-02,120.0,61.0,2020,9,2
2020-09-03,109.0,45.0,2020,9,3
2020-09-04,146.0,47.0,2020,9,4
2020-09-05,106.0,58.0,2020,9,5
2020-09-06,119.0,57.0,2020,9,6
2020-09-07,77.0,63.0,2020,9,7
2020-09-08,100.0,50.0,2020,9,8
2020-09-09,66.0,50.0,2020,9,9
2020-09-10,119.0,50.0,2020,9,10
2020-09-11,141.0,50.0,2020,9,11
2020-09-12,117.0,57.0,2020,9,12
2020-09-13,125.0,56.0,2020,9,13
2020-09-14,128.0,62.0,2020,9,14
2020-04-01,70.0,18.0,2020,4,1
2020-04-02,222.0,20.0,2020,4,2
2020-04-03,58.0,21.0,2020,4,3
2020-04-04,89.0,39.0,2020,4,4
2020-04-05,94.0,41.0,2020,4,5
2020-04-06,81.0,17.0,2020,4,6
2020-04-07,62.0,15.0,2020,4,7
2020-04-08,68.0,29.0,2020,4,8
2020-04-09,64.0,43.0,2020,4,9
2020-04-10,104.0,36.0,2020,4,10
2020-04-11,110.0,49.0,2020,4,11
2020-04-12,120.0,34.0,2020,4,12
2020-04-13,45.0,33.0,2020,4,13
2020-04-14,103.0,29.0,2020,4,14
2020-04-15,69.0,26.0,2020,4,15
2020-04-16,101.0,32.0,2020,4,16
2020-04-17,172.0,42.0,2020,4,17
2020-04-19,172.0,44.0,2020,4,19
2020-04-20,151.0,52.0,2020,4,20
2020-04-22,1.0,44.0,2020,4,22
2020-04-23,150.0,52.0,2020,4,23
2020-04-24,102.0,43.0,2020,4,24
2020-04-26,175.0,32.0,2020,4,26
2020-06-01,136.0,32.0,2020,6,1
2020-01-10,64.0,15.0,2020,1,10
2020-01-11,79.0,30.0,2020,1,11
2020-01-12,63.0,20.0,2020,1,12
2020-01-16,93.0,37.0,2020,1,16
2020-01-17,125.0,48.0,2020,1,17
2020-01-18,94.0,26.0,2020,1,18
2020-01-19,128.0,43.0,2020,1,19
2020-01-20,96.0,44.0,2020,1,20
2020-01-21,62.0,17.0,2020,1,21
2020-01-22,106.0,30.0,2020,1,22
2020-01-23,75.0,16.0,2020,1,23
2020-01-24,91.0,33.0,2020,1,24
2020-01-25,70.0,17.0,2020,1,25
2020-01-26,122.0,39.0,2020,1,26
2020-01-27,71.0,21.0,2020,1,27
2020-01-28,126.0,44.0,2020,1,28
2020-01-29,104.0,34.0,2020,1,29
2020-01-30,55.0,16.0,2020,1,30
2020-01-31,80.0,30.0,2020,1,31
2020-02-01,81.0,23.0,2020,2,1
2020-02-02,100.0,27.0,2020,2,2
2020-02-03,79.0,24.0,2020,2,3
2020-02-04,41.0,16.0,2020,2,4
2020-02-06,55.0,43.0,2020,2,6
2020-02-07,87.0,31.0,2020,2,7
2020-02-08,87.0,19.0,2020,2,8
2020-02-09,63.0,22.0,2020,2,9
2020-02-10,100.0,28.0,2020,2,10
2020-02-11,113.0,48.0,2020,2,11
2020-02-12,101.0,46.0,2020,2,12
2020-02-13,84.0,31.0,2020,2,13
2020-02-14,92.0,37.0,2020,2,14
2020-02-15,126.0,55.0,2020,2,15
2020-02-16,106.0,34.0,2020,2,16
2020-02-17,76.0,26.0,2020,2,17
2020-02-18,76.0,24.0,2020,2,18
2020-02-19,73.0,24.0,2020,2,19
2020-02-20,76.0,19.0,2020,2,20
2020-02-21,90.0,23.0,2020,2,21
2020-02-22,90.0,21.0,2020,2,22
2020-02-23,82.0,16.0,2020,2,23
2020-02-24,58.0,17.0,2020,2,24
2020-02-25,77.0,17.0,2020,2,25
2020-02-26,65.0,32.0,2020,2,26
2020-02-27,90.0,50.0,2020,2,27
2020-02-28,79.0,50.0,2020,2,28
2020-02-29,131.0,50.0,2020,2,29
2020-03-01,85.0,50.0,2020,3,1
2020-03-02,93.0,23.0,2020,3,2
2020-03-03,56.0,33.0,2020,3,3
2020-03-04,93.0,37.0,2020,3,4
2020-03-05,65.0,23.0,2020,3,5
2020-03-06,92.0,33.0,2020,3,6
2020-03-07,28.0,17.0,2020,3,7
2020-03-09,126.0,19.0,2020,3,9
2020-03-12,74.0,31.0,2020,3,12
2020-03-13,89.0,22.0,2020,3,13
2020-03-14,139.0,53.0,2020,3,14
2020-03-15,128.0,39.0,2020,3,15
2020-03-16,112.0,31.0,2020,3,16
2020-03-17,108.0,33.0,2020,3,17
2020-03-18,60.0,31.0,2020,3,18
2020-03-19,112.0,44.0,2020,3,19
2020-03-20,86.0,40.0,2020,3,20
2020-03-21,99.0,34.0,2020,3,21
2020-03-22,56.0,15.0,2020,3,22
2020-03-23,100.0,43.0,2020,3,23
2020-03-24,126.0,40.0,2020,3,24
2020-03-25,76.0,19.0,2020,3,25
2020-03-26,96.0,29.0,2020,3,26
2020-03-27,91.0,31.0,2020,3,27
2020-03-28,135.0,44.0,2020,3,28
2020-03-29,106.0,40.0,2020,3,29
2020-03-30,102.0,42.0,2020,3,30
2020-03-31,107.0,40.0,2020,3,31
2019-10-01,118.0,73.0,2019,10,1
2019-10-02,148.0,50.0,2019,10,2
2019-10-03,134.0,62.0,2019,10,3
2019-10-04,125.0,53.0,2019,10,4
2019-10-07,124.0,78.0,2019,10,7
2019-10-08,150.0,50.0,2019,10,8
2019-12-05,114.0,50.0,2019,12,5
2019-12-06,100.0,50.0,2019,12,6
2019-12-07,69.0,50.0,2019,12,7
2019-12-08,101.0,50.0,2019,12,8
2019-12-09,125.0,50.0,2019,12,9
2019-12-10,97.0,50.0,2019,12,10
2019-12-11,145.0,50.0,2019,12,11
2019-12-12,110.0,50.0,2019,12,12
2019-12-13,132.0,50.0,2019,12,13
2019-12-14,105.0,50.0,2019,12,14
2019-12-15,102.0,50.0,2019,12,15
2019-12-16,153.0,50.0,2019,12,16
2019-12-17,98.0,50.0,2019,12,17
2019-12-20,14.0,51.0,2019,12,20
2019-12-23,31.0,60.0,2019,12,23
2019-12-24,131.0,23.0,2019,12,24
2019-12-25,91.0,40.0,2019,12,25
2019-12-26,132.0,40.0,2019,12,26
2019-07-01,120.0,73.0,2019,7,1
2019-07-02,132.0,68.0,2019,7,2
2019-07-03,119.0,61.0,2019,7,3
2019-07-04,107.0,65.0,2019,7,4
2019-07-05,118.0,56.0,2019,7,5
2019-07-06,115.0,57.0,2019,7,6
2019-07-07,112.0,63.0,2019,7,7
2019-07-08,119.0,67.0,2019,7,8
2019-07-09,114.0,59.0,2019,7,9
2019-07-10,98.0,66.0,2019,7,10
2019-07-11,130.0,64.0,2019,7,11
2019-07-12,128.0,64.0,2019,7,12
2019-07-13,103.0,66.0,2019,7,13
2019-07-14,122.0,62.0,2019,7,14
2019-07-15,90.0,70.0,2019,7,15
2019-07-19,113.0,50.0,2019,7,19
2019-07-20,129.0,56.0,2019,7,20
2019-07-21,110.0,66.0,2019,7,21
2019-07-22,112.0,63.0,2019,7,22
2019-07-23,134.0,60.0,2019,7,23
2019-07-24,116.0,71.0,2019,7,24
2019-07-25,127.0,69.0,2019,7,25
2019-07-26,128.0,55.0,2019,7,26
2019-07-27,127.0,69.0,2019,7,27
2019-07-28,157.0,64.0,2019,7,28
2019-07-29,139.0,54.0,2019,7,29
2019-08-07,97.0,62.0,2019,8,7
2019-08-08,133.0,59.0,2019,8,8
2019-08-09,140.0,66.0,2019,8,9
2019-08-10,120.0,60.0,2019,8,10
2019-08-11,121.0,61.0,2019,8,11
2019-08-12,122.0,59.0,2019,8,12
2019-08-13,124.0,56.0,2019,8,13
2019-08-14,111.0,64.0,2019,8,14
2019-08-15,114.0,70.0,2019,8,15
2019-08-16,147.0,63.0,2019,8,16
2019-08-17,173.0,56.0,2019,8,17
2019-08-19,92.0,62.0,2019,8,19
2019-08-20,121.0,58.0,2019,8,20
2019-08-21,129.0,60.0,2019,8,21
2019-08-22,117.0,69.0,2019,8,22
2019-08-23,119.0,63.0,2019,8,23
2019-08-24,120.0,61.0,2019,8,24
2019-08-25,110.0,61.0,2019,8,25
2019-08-26,110.0,60.0,2019,8,26
2019-08-27,117.0,55.0,2019,8,27
2019-08-28,113.0,68.0,2019,8,28
2019-08-29,135.0,62.0,2019,8,29
2019-08-30,103.0,64.0,2019,8,30
2019-09-01,127.0,67.0,2019,9,1
2019-09-02,125.0,60.0,2019,9,2
2019-09-03,117.0,64.0,2019,9,3
2019-09-04,121.0,59.0,2019,9,4
2019-09-05,121.0,60.0,2019,9,5
2019-09-06,114.0,60.0,2019,9,6
2019-09-07,124.0,61.0,2019,9,7
2019-09-08,122.0,59.0,2019,9,8
2019-09-09,119.0,54.0,2019,9,9
2019-09-10,123.0,69.0,2019,9,10
2019-09-11,127.0,65.0,2019,9,11
2019-09-12,106.0,72.0,2019,9,12
2019-09-13,116.0,50.0,2019,9,13
2019-09-16,119.0,62.0,2019,9,16
2019-09-17,119.0,58.0,2019,9,17
2019-09-18,113.0,57.0,2019,9,18
2019-09-19,117.0,61.0,2019,9,19
2019-09-20,113.0,50.0,2019,9,20
2019-09-22,158.0,66.0,2019,9,22
2019-09-23,131.0,62.0,2019,9,23
2019-09-24,60.0,65.0,2019,9,24
2019-09-25,2.0,62.0,2019,9,25
2019-09-26,111.0,62.0,2019,9,26
2019-09-27,101.0,53.0,2019,9,27
2019-09-28,34.0,59.0,2019,9,28
2019-09-29,142.0,58.0,2019,9,29
2019-09-30,131.0,60.0,2019,9,30
2019-01-01,63.0,50.0,2019,1,1
2019-01-02,64.0,50.0,2019,1,2
2019-01-03,78.0,50.0,2019,1,3
2019-01-04,85.0,50.0,2019,1,4
2019-01-05,81.0,50.0,2019,1,5
2019-01-06,139.0,50.0,2019,1,6
2019-01-07,108.0,50.0,2019,1,7
2019-01-08,84.0,50.0,2019,1,8
2019-01-09,108.0,50.0,2019,1,9
2019-01-11,90.0,50.0,2019,1,11
2019-01-12,77.0,50.0,2019,1,12
2019-01-13,109.0,50.0,2019,1,13
2019-01-14,107.0,50.0,2019,1,14
2019-01-15,100.0,50.0,2019,1,15
2019-01-16,36.0,50.0,2019,1,16
2019-01-19,54.0,50.0,2019,1,19
2019-01-20,115.0,50.0,2019,1,20
2019-01-21,94.0,50.0,2019,1,21
2019-01-22,58.0,50.0,2019,1,22
2019-01-23,93.0,50.0,2019,1,23
2019-01-24,91.0,50.0,2019,1,24
2019-01-25,68.0,50.0,2019,1,25
2019-01-26,101.0,50.0,2019,1,26
2019-01-27,61.0,50.0,2019,1,27
2019-01-28,96.0,50.0,2019,1,28
2019-02-04,49.0,50.0,2019,2,4
2019-02-05,78.0,50.0,2019,2,5
2019-02-06,75.0,50.0,2019,2,6
2019-02-07,122.0,50.0,2019,2,7
2019-02-08,78.0,50.0,2019,2,8
2019-02-09,150.0,50.0,2019,2,9
2019-02-12,73.0,50.0,2019,2,12
2019-02-13,128.0,50.0,2019,2,13
2019-02-14,158.0,50.0,2019,2,14
2019-02-18,127.0,50.0,2019,2,18
2019-02-21,128.0,50.0,2019,2,21
2019-02-26,144.0,50.0,2019,2,26
2019-02-27,126.0,22.0,2019,2,27
2019-03-08,171.0,50.0,2019,3,8
2019-03-12,42.0,50.0,2019,3,12
2019-03-13,89.0,50.0,2019,3,13
2019-03-14,117.0,50.0,2019,3,14
2019-03-15,119.0,50.0,2019,3,15
2019-03-16,99.0,50.0,2019,3,16
2019-03-17,76.0,50.0,2019,3,17
2019-03-18,79.0,50.0,2019,3,18
2019-03-19,60.0,50.0,2019,3,19
2019-03-20,85.0,50.0,2019,3,20
2019-03-21,68.0,50.0,2019,3,21
2019-03-22,82.0,50.0,2019,3,22
2019-03-23,82.0,50.0,2019,3,23
2019-03-24,110.0,50.0,2019,3,24
2019-03-25,92.0,50.0,2019,3,25
2018-10-01,120.0,54.0,2018,10,1
2018-10-02,120.0,63.0,2018,10,2
2018-10-03,121.0,57.0,2018,10,3
2018-10-04,112.0,62.0,2018,10,4
2018-10-05,119.0,53.0,2018,10,5
2018-10-06,81.0,50.0,2018,10,6
2018-10-08,134.0,61.0,2018,10,8
2018-10-09,142.0,68.0,2018,10,9
2018-10-10,139.0,70.0,2018,10,10
2018-10-11,155.0,59.0,2018,10,11
2018-10-12,127.0,65.0,2018,10,12
2018-10-13,131.0,73.0,2018,10,13
2018-10-14,141.0,64.0,2018,10,14
2018-10-15,150.0,64.0,2018,10,15
2018-10-16,118.0,68.0,2018,10,16
2018-10-17,139.0,70.0,2018,10,17
2018-10-29,100.0,42.0,2018,10,29
2018-10-30,97.0,50.0,2018,10,30
2018-10-31,110.0,82.0,2018,10,31
2018-11-01,138.0,49.0,2018,11,1
2018-11-02,99.0,50.0,2018,11,2
2018-11-03,125.0,45.0,2018,11,3
2018-11-04,100.0,44.0,2018,11,4
2018-11-05,95.0,51.0,2018,11,5
2018-11-06,101.0,51.0,2018,11,6
2018-11-07,89.0,50.0,2018,11,7
2018-12-04,117.0,50.0,2018,12,4
2018-12-05,121.0,50.0,2018,12,5
2018-12-06,122.0,50.0,2018,12,6
2018-12-07,106.0,50.0,2018,12,7
2018-12-08,117.0,50.0,2018,12,8
2018-12-09,92.0,50.0,2018,12,9
2018-12-10,128.0,50.0,2018,12,10
2018-12-11,138.0,50.0,2018,12,11
2018-12-12,89.0,50.0,2018,12,12
2018-12-13,102.0,50.0,2018,12,13
2018-12-14,102.0,50.0,2018,12,14
2018-12-17,100.0,50.0,2018,12,17
2018-12-18,98.0,50.0,2018,12,18
2018-12-19,106.0,50.0,2018,12,19
2018-12-20,88.0,50.0,2018,12,20
2018-12-21,63.0,50.0,2018,12,21
2018-12-22,98.0,50.0,2018,12,22
2018-12-23,64.0,50.0,2018,12,23
2018-12-24,58.0,50.0,2018,12,24
2018-12-25,58.0,50.0,2018,12,25
2018-12-26,50.0,50.0,2018,12,26
2018-12-27,83.0,50.0,2018,12,27
2018-12-28,66.0,50.0,2018,12,28
2018-12-29,77.0,50.0,2018,12,29
2018-12-30,73.0,50.0,2018,12,30
2018-07-02,147.0,50.0,2018,7,2
2018-07-04,158.0,50.0,2018,7,4
2018-07-05,115.0,50.0,2018,7,5
2018-07-06,95.0,50.0,2018,7,6
2018-07-07,143.0,50.0,2018,7,7
2018-07-08,143.0,50.0,2018,7,8
2018-07-09,131.0,50.0,2018,7,9
2018-07-10,125.0,50.0,2018,7,10
2018-07-11,142.0,50.0,2018,7,11
2018-07-12,129.0,50.0,2018,7,12
2018-07-13,130.0,50.0,2018,7,13
2018-07-14,149.0,50.0,2018,7,14
2018-07-15,88.0,50.0,2018,7,15
2018-07-16,103.0,75.0,2018,7,16
2018-07-17,140.0,73.0,2018,7,17
2018-07-18,140.0,76.0,2018,7,18
2018-07-19,142.0,70.0,2018,7,19
2018-07-20,136.0,66.0,2018,7,20
2018-07-21,130.0,80.0,2018,7,21
2018-07-22,134.0,63.0,2018,7,22
2018-07-23,118.0,57.0,2018,7,23
2018-07-24,106.0,67.0,2018,7,24
2018-07-25,126.0,71.0,2018,7,25
2018-07-26,132.0,76.0,2018,7,26
2018-07-27,131.0,78.0,2018,7,27
2018-07-28,140.0,76.0,2018,7,28
2018-07-29,148.0,84.0,2018,7,29
2018-07-30,148.0,72.0,2018,7,30
2018-07-31,135.0,72.0,2018,7,31
2018-08-01,135.0,60.0,2018,8,1
2018-08-02,117.0,59.0,2018,8,2
2018-08-03,118.0,60.0,2018,8,3
2018-08-04,108.0,59.0,2018,8,4
2018-08-05,108.0,58.0,2018,8,5
2018-08-06,112.0,69.0,2018,8,6
2018-08-07,131.0,79.0,2018,8,7
2018-08-08,147.0,70.0,2018,8,8
2018-08-09,148.0,57.0,2018,8,9
2018-08-10,116.0,65.0,2018,8,10
2018-08-11,146.0,58.0,2018,8,11
2018-08-13,118.0,65.0,2018,8,13
2018-08-14,119.0,64.0,2018,8,14
2018-08-15,120.0,58.0,2018,8,15
2018-08-16,110.0,55.0,2018,8,16
2018-08-17,89.0,54.0,2018,8,17
2018-08-18,103.0,64.0,2018,8,18
2018-08-19,126.0,60.0,2018,8,19
2018-08-20,138.0,60.0,2018,8,20
2018-08-21,116.0,58.0,2018,8,21
2018-08-22,116.0,55.0,2018,8,22
2018-08-23,112.0,66.0,2018,8,23
2018-08-24,131.0,63.0,2018,8,24
2018-08-25,115.0,77.0,2018,8,25
2018-08-26,121.0,67.0,2018,8,26
2018-08-27,136.0,62.0,2018,8,27
2018-08-28,155.0,62.0,2018,8,28
2018-08-31,110.0,48.0,2018,8,31
2018-09-01,107.0,59.0,2018,9,1
2018-09-02,123.0,51.0,2018,9,2
2018-09-03,105.0,43.0,2018,9,3
2018-09-04,80.0,55.0,2018,9,4
2018-09-05,109.0,73.0,2018,9,5
2018-09-06,142.0,71.0,2018,9,6
2018-09-07,123.0,50.0,2018,9,7
2018-09-08,99.0,64.0,2018,9,8
2018-09-09,143.0,65.0,2018,9,9
2018-09-10,132.0,53.0,2018,9,10
2018-09-11,124.0,60.0,2018,9,11
2018-09-12,106.0,62.0,2018,9,12
2018-09-13,105.0,60.0,2018,9,13
2018-09-14,113.0,54.0,2018,9,14
2018-09-15,114.0,48.0,2018,9,15
2018-09-16,129.0,54.0,2018,9,16
2018-09-17,125.0,51.0,2018,9,17
2018-09-18,125.0,45.0,2018,9,18
2018-09-19,87.0,68.0,2018,9,19
2018-09-20,150.0,49.0,2018,9,20
2018-09-21,101.0,35.0,2018,9,21
2018-09-22,104.0,51.0,2018,9,22
2018-09-23,138.0,69.0,2018,9,23
2018-09-24,138.0,50.0,2018,9,24
2018-09-26,133.0,65.0,2018,9,26
2018-09-27,121.0,61.0,2018,9,27
2018-09-28,129.0,56.0,2018,9,28
2018-09-29,111.0,60.0,2018,9,29
2018-09-30,134.0,59.0,2018,9,30
2018-04-28,94.0,43.0,2018,4,28
2018-04-30,161.0,69.0,2018,4,30
2018-05-03,146.0,83.0,2018,5,3
2018-05-04,146.0,82.0,2018,5,4
2018-05-05,130.0,68.0,2018,5,5
2018-05-06,126.0,62.0,2018,5,6
2018-05-07,118.0,60.0,2018,5,7
2018-05-08,127.0,66.0,2018,5,8
2018-05-09,139.0,70.0,2018,5,9
2018-05-10,125.0,64.0,2018,5,10
2018-05-11,158.0,59.0,2018,5,11
2018-05-13,165.0,76.0,2018,5,13
2018-05-18,106.0,59.0,2018,5,18
2018-05-19,95.0,54.0,2018,5,19
2018-05-20,137.0,65.0,2018,5,20
2018-05-21,98.0,50.0,2018,5,21
2018-05-22,96.0,52.0,2018,5,22
2018-05-23,76.0,41.0,2018,5,23
2018-05-24,59.0,28.0,2018,5,24
2018-05-25,121.0,62.0,2018,5,25
2018-05-26,132.0,72.0,2018,5,26
2018-06-22,89.0,49.0,2018,6,22
2018-06-23,105.0,45.0,2018,6,23
2018-06-24,80.0,46.0,2018,6,24
2022-06-01,97.0,38.0,2022,6,1
2022-01-03,97.0,35.0,2022,1,3
2022-01-04,97.0,39.0,2022,1,4
2022-01-05,97.0,68.0,2022,1,5
2022-01-06,97.0,52.0,2022,1,6
2022-01-07,97.0,34.0,2022,1,7
2022-01-08,97.0,72.0,2022,1,8
2022-01-09,97.0,192.0,2022,1,9
2022-01-10,97.0,26.0,2022,1,10
2022-01-11,97.0,22.0,2022,1,11
2022-01-12,97.0,27.0,2022,1,12
2022-01-15,97.0,32.0,2022,1,15
2022-01-16,97.0,44.0,2022,1,16
2022-01-17,97.0,250.0,2022,1,17
2021-10-01,97.0,72.0,2021,10,1
2021-10-02,97.0,72.0,2021,10,2
2021-10-06,97.0,45.0,2021,10,6
2021-10-07,97.0,37.0,2021,10,7
2021-10-08,97.0,45.0,2021,10,8
2021-10-09,97.0,42.0,2021,10,9
2021-10-10,97.0,50.0,2021,10,10
2021-10-11,97.0,50.0,2021,10,11
2021-10-12,97.0,47.0,2021,10,12
2021-10-13,97.0,48.0,2021,10,13
2021-11-13,97.0,50.0,2021,11,13
2021-11-14,97.0,25.0,2021,11,14
2021-11-15,97.0,25.0,2021,11,15
2021-11-16,97.0,17.0,2021,11,16
2021-11-17,97.0,4.0,2021,11,17
2021-11-18,97.0,4.0,2021,11,18
2021-11-19,97.0,5.0,2021,11,19
2021-11-20,97.0,28.0,2021,11,20
2021-11-21,97.0,24.0,2021,11,21
2021-11-22,97.0,17.0,2021,11,22
2021-11-23,97.0,10.0,2021,11,23
2021-11-24,97.0,31.0,2021,11,24
2021-11-25,97.0,33.0,2021,11,25
2021-11-26,97.0,31.0,2021,11,26
2021-11-27,97.0,15.0,2021,11,27
2021-11-28,97.0,13.0,2021,11,28
2021-11-29,97.0,16.0,2021,11,29
2021-11-30,97.0,31.0,2021,11,30
2021-12-01,97.0,27.0,2021,12,1
2021-12-02,97.0,20.0,2021,12,2
2021-12-22,97.0,45.0,2021,12,22
2021-12-23,97.0,42.0,2021,12,23
2021-12-24,97.0,32.0,2021,12,24
2021-12-25,97.0,41.0,2021,12,25
2021-12-26,97.0,23.0,2021,12,26
2021-12-27,97.0,27.0,2021,12,27
2021-12-28,97.0,35.0,2021,12,28
2021-12-29,97.0,22.0,2021,12,29
2021-12-30,97.0,39.0,2021,12,30
2021-12-31,97.0,49.0,2021,12,31
2022-01-01,97.0,21.0,2022,1,1
2022-01-02,97.0,21.0,2022,1,2
2021-07-25,97.0,68.0,2021,7,25
2021-08-14,97.0,49.0,2021,8,14
2021-08-15,97.0,53.0,2021,8,15
2021-04-01,97.0,29.0,2021,4,1
2021-04-02,97.0,20.0,2021,4,2
2021-04-03,97.0,41.0,2021,4,3
2021-04-04,97.0,41.0,2021,4,4
2021-04-05,97.0,46.0,2021,4,5
2021-04-06,97.0,22.0,2021,4,6
2021-04-07,97.0,21.0,2021,4,7
2021-04-08,97.0,34.0,2021,4,8
2021-04-09,97.0,31.0,2021,4,9
2021-04-10,97.0,27.0,2021,4,10
2021-04-11,97.0,45.0,2021,4,11
2021-04-21,97.0,54.0,2021,4,21
2021-04-22,97.0,47.0,2021,4,22
2021-04-25,97.0,48.0,2021,4,25
2021-05-28,97.0,56.0,2021,5,28
2021-05-29,97.0,39.0,2021,5,29
2021-05-30,97.0,46.0,2021,5,30
2021-06-24,97.0,60.0,2021,6,24
2021-06-25,97.0,63.0,2021,6,25
2021-06-26,97.0,45.0,2021,6,26
2021-06-27,97.0,55.0,2021,6,27
2021-01-25,97.0,36.0,2021,1,25
2021-01-26,97.0,22.0,2021,1,26
2021-03-14,97.0,48.0,2021,3,14
2021-03-15,97.0,47.0,2021,3,15
2021-03-16,97.0,54.0,2021,3,16
2021-03-29,97.0,39.0,2021,3,29
2021-03-30,97.0,20.0,2021,3,30
2021-03-31,97.0,16.0,2021,3,31
2020-10-01,97.0,57.0,2020,10,1
2020-10-02,97.0,57.0,2020,10,2
2020-10-03,97.0,53.0,2020,10,3
2020-10-04,97.0,57.0,2020,10,4
2020-10-05,97.0,39.0,2020,10,5
2020-10-06,97.0,45.0,2020,10,6
2020-10-07,97.0,51.0,2020,10,7
2020-10-08,97.0,53.0,2020,10,8
2020-10-09,97.0,45.0,2020,10,9
2020-10-21,97.0,55.0,2020,10,21
2020-10-22,97.0,35.0,2020,10,22
2020-10-23,97.0,27.0,2020,10,23
2020-10-24,97.0,44.0,2020,10,24
2020-10-25,97.0,41.0,2020,10,25
2020-10-26,97.0,41.0,2020,10,26
2020-10-27,97.0,41.0,2020,10,27
2020-10-28,97.0,50.0,2020,10,28
2020-10-29,97.0,50.0,2020,10,29
2020-10-30,97.0,47.0,2020,10,30
2020-10-31,97.0,38.0,2020,10,31
2020-11-01,97.0,39.0,2020,11,1
2020-11-02,97.0,25.0,2020,11,2
2020-11-03,97.0,47.0,2020,11,3
2020-11-04,97.0,50.0,2020,11,4
2020-11-05,97.0,57.0,2020,11,5
2020-11-06,97.0,68.0,2020,11,6
2020-11-07,97.0,59.0,2020,11,7
2020-11-08,97.0,61.0,2020,11,8
2020-11-09,97.0,62.0,2020,11,9
2020-11-10,97.0,64.0,2020,11,10
2020-11-12,97.0,52.0,2020,11,12
2020-11-13,97.0,46.0,2020,11,13
2020-11-14,97.0,52.0,2020,11,14
2020-11-15,97.0,48.0,2020,11,15
2020-11-16,97.0,57.0,2020,11,16
2020-11-17,97.0,57.0,2020,11,17
2020-11-18,97.0,60.0,2020,11,18
2020-11-19,97.0,65.0,2020,11,19
2020-11-25,97.0,41.0,2020,11,25
2020-12-22,97.0,27.0,2020,12,22
2020-12-24,97.0,35.0,2020,12,24
2020-12-25,97.0,20.0,2020,12,25
2020-12-26,97.0,22.0,2020,12,26
2020-12-27,97.0,23.0,2020,12,27
2020-12-28,97.0,27.0,2020,12,28
2020-12-29,97.0,18.0,2020,12,29
2020-07-01,97.0,50.0,2020,7,1
2020-07-02,97.0,57.0,2020,7,2
2020-07-03,97.0,62.0,2020,7,3
2020-07-04,97.0,59.0,2020,7,4
2020-07-05,97.0,59.0,2020,7,5
2020-07-06,97.0,56.0,2020,7,6
2020-07-07,97.0,46.0,2020,7,7
2020-07-08,97.0,57.0,2020,7,8
2020-07-09,97.0,51.0,2020,7,9
2020-07-10,97.0,62.0,2020,7,10
2020-07-11,97.0,56.0,2020,7,11
2020-07-12,97.0,57.0,2020,7,12
2020-07-13,97.0,60.0,2020,7,13
2020-07-14,97.0,62.0,2020,7,14
2020-07-15,97.0,43.0,2020,7,15
2020-07-16,97.0,45.0,2020,7,16
2020-07-17,97.0,54.0,2020,7,17
2020-07-18,97.0,55.0,2020,7,18
2020-07-19,97.0,63.0,2020,7,19
2020-07-20,97.0,61.0,2020,7,20
2020-07-21,97.0,53.0,2020,7,21
2020-07-22,97.0,55.0,2020,7,22
2020-07-23,97.0,55.0,2020,7,23
2020-07-24,97.0,56.0,2020,7,24
2020-07-25,97.0,62.0,2020,7,25
2020-07-27,97.0,61.0,2020,7,27
2020-07-28,97.0,67.0,2020,7,28
2020-07-29,97.0,70.0,2020,7,29
2020-07-30,97.0,56.0,2020,7,30
2020-07-31,97.0,42.0,2020,7,31
2020-08-01,97.0,59.0,2020,8,1
2020-08-02,97.0,66.0,2020,8,2
2020-08-03,97.0,69.0,2020,8,3
2020-08-04,97.0,69.0,2020,8,4
2020-08-05,97.0,60.0,2020,8,5
2020-08-06,97.0,64.0,2020,8,6
2020-08-08,97.0,53.0,2020,8,8
2020-08-09,97.0,46.0,2020,8,9
2020-09-15,97.0,57.0,2020,9,15
2020-09-16,97.0,56.0,2020,9,16
2020-09-17,97.0,61.0,2020,9,17
2020-09-18,97.0,57.0,2020,9,18
2020-09-19,97.0,64.0,2020,9,19
2020-09-20,97.0,38.0,2020,9,20
2020-09-21,97.0,43.0,2020,9,21
2020-09-22,97.0,40.0,2020,9,22
2020-09-23,97.0,52.0,2020,9,23
2020-09-24,97.0,53.0,2020,9,24
2020-09-25,97.0,62.0,2020,9,25
2020-09-26,97.0,74.0,2020,9,26
2020-09-27,97.0,56.0,2020,9,27
2020-09-28,97.0,52.0,2020,9,28
2020-09-29,97.0,54.0,2020,9,29
2020-09-30,97.0,53.0,2020,9,30
2020-04-18,97.0,51.0,2020,4,18
2020-04-21,97.0,50.0,2020,4,21
2020-04-25,97.0,41.0,2020,4,25
2020-04-27,97.0,40.0,2020,4,27
2020-04-28,97.0,44.0,2020,4,28
2020-04-29,97.0,51.0,2020,4,29
2020-04-30,97.0,46.0,2020,4,30
2020-05-01,97.0,38.0,2020,5,1
2020-05-02,97.0,41.0,2020,5,2
2020-05-03,97.0,41.0,2020,5,3
2020-05-04,97.0,36.0,2020,5,4
2020-05-05,97.0,37.0,2020,5,5
2020-05-06,97.0,47.0,2020,5,6
2020-05-07,97.0,55.0,2020,5,7
2020-05-08,97.0,44.0,2020,5,8
2020-05-09,97.0,40.0,2020,5,9
2020-05-10,97.0,37.0,2020,5,10
2020-05-11,97.0,40.0,2020,5,11
2020-05-12,97.0,46.0,2020,5,12
2020-05-13,97.0,53.0,2020,5,13
2020-05-14,97.0,51.0,2020,5,14
2020-05-15,97.0,47.0,2020,5,15
2020-05-16,97.0,55.0,2020,5,16
2020-05-17,97.0,36.0,2020,5,17
2020-05-18,97.0,31.0,2020,5,18
2020-05-19,97.0,31.0,2020,5,19
2020-05-20,97.0,25.0,2020,5,20
2020-05-21,97.0,42.0,2020,5,21
2020-05-22,97.0,30.0,2020,5,22
2020-05-23,97.0,39.0,2020,5,23
2020-05-26,97.0,32.0,2020,5,26
2020-05-27,97.0,30.0,2020,5,27
2020-05-28,97.0,46.0,2020,5,28
2020-05-29,97.0,41.0,2020,5,29
2020-05-30,97.0,33.0,2020,5,30
2020-05-31,97.0,44.0,2020,5,31
2020-06-02,97.0,36.0,2020,6,2
2020-06-03,97.0,46.0,2020,6,3
2020-06-04,97.0,59.0,2020,6,4
2020-06-05,97.0,60.0,2020,6,5
2020-06-07,97.0,52.0,2020,6,7
2020-06-08,97.0,49.0,2020,6,8
2020-06-09,97.0,63.0,2020,6,9
2020-06-10,97.0,54.0,2020,6,10
2020-06-11,97.0,43.0,2020,6,11
2020-06-12,97.0,52.0,2020,6,12
2020-06-13,97.0,55.0,2020,6,13
2020-06-14,97.0,63.0,2020,6,14
2020-06-15,97.0,56.0,2020,6,15
2020-06-16,97.0,57.0,2020,6,16
2020-06-17,97.0,55.0,2020,6,17
2020-06-18,97.0,51.0,2020,6,18
2020-06-19,97.0,58.0,2020,6,19
2020-06-20,97.0,56.0,2020,6,20
2020-06-21,97.0,60.0,2020,6,21
2020-06-22,97.0,48.0,2020,6,22
2020-06-23,97.0,49.0,2020,6,23
2020-06-24,97.0,68.0,2020,6,24
2020-06-25,97.0,68.0,2020,6,25
2020-06-26,97.0,64.0,2020,6,26
2020-06-27,97.0,65.0,2020,6,27
2020-06-28,97.0,68.0,2020,6,28
2020-06-29,97.0,73.0,2020,6,29
2020-06-30,97.0,72.0,2020,6,30
2020-01-01,97.0,14.0,2020,1,1
2020-01-02,97.0,21.0,2020,1,2
2020-01-03,97.0,30.0,2020,1,3
2020-01-04,97.0,27.0,2020,1,4
2020-01-05,97.0,26.0,2020,1,5
2020-01-06,97.0,35.0,2020,1,6
2020-01-07,97.0,29.0,2020,1,7
2020-01-08,97.0,40.0,2020,1,8
2020-01-09,97.0,27.0,2020,1,9
2020-02-05,97.0,37.0,2020,2,5
2020-03-10,97.0,24.0,2020,3,10
2020-03-11,97.0,24.0,2020,3,11
2019-10-05,97.0,51.0,2019,10,5
2019-10-06,97.0,56.0,2019,10,6
2019-10-21,97.0,64.0,2019,10,21
2019-10-22,97.0,59.0,2019,10,22
2019-10-23,97.0,64.0,2019,10,23
2019-10-24,97.0,60.0,2019,10,24
2019-10-25,97.0,70.0,2019,10,25
2019-10-26,97.0,64.0,2019,10,26
2019-10-27,97.0,51.0,2019,10,27
2019-10-28,97.0,58.0,2019,10,28
2019-10-29,97.0,62.0,2019,10,29
2019-10-30,97.0,53.0,2019,10,30
2019-10-31,97.0,45.0,2019,10,31
2019-11-01,97.0,42.0,2019,11,1
2019-11-02,97.0,39.0,2019,11,2
2019-11-03,97.0,39.0,2019,11,3
2019-11-04,97.0,53.0,2019,11,4
2019-11-05,97.0,55.0,2019,11,5
2019-11-06,97.0,60.0,2019,11,6
2019-11-07,97.0,70.0,2019,11,7
2019-11-08,97.0,53.0,2019,11,8
2019-11-09,97.0,67.0,2019,11,9
2019-11-10,97.0,55.0,2019,11,10
2019-11-11,97.0,64.0,2019,11,11
2019-11-12,97.0,66.0,2019,11,12
2019-11-13,97.0,59.0,2019,11,13
2019-11-14,97.0,60.0,2019,11,14
2019-11-15,97.0,53.0,2019,11,15
2019-11-16,97.0,55.0,2019,11,16
2019-11-17,97.0,58.0,2019,11,17
2019-11-18,97.0,43.0,2019,11,18
2019-11-19,97.0,50.0,2019,11,19
2019-11-20,97.0,54.0,2019,11,20
2019-11-21,97.0,54.0,2019,11,21
2019-11-22,97.0,65.0,2019,11,22
2019-11-23,97.0,60.0,2019,11,23
2019-11-24,97.0,68.0,2019,11,24
2019-11-25,97.0,54.0,2019,11,25
2019-11-26,97.0,52.0,2019,11,26
2019-11-27,97.0,51.0,2019,11,27
2019-11-28,97.0,48.0,2019,11,28
2019-11-29,97.0,34.0,2019,11,29
2019-11-30,97.0,48.0,2019,11,30
2019-12-01,97.0,46.0,2019,12,1
2019-12-02,97.0,54.0,2019,12,2
2019-12-18,97.0,27.0,2019,12,18
2019-12-21,97.0,46.0,2019,12,21
2019-12-22,97.0,47.0,2019,12,22
2019-12-27,97.0,30.0,2019,12,27
2019-12-28,97.0,35.0,2019,12,28
2019-06-30,97.0,61.0,2019,6,30
2019-07-16,97.0,66.0,2019,7,16
2019-07-17,97.0,64.0,2019,7,17
2019-07-18,97.0,58.0,2019,7,18
2019-07-30,97.0,62.0,2019,7,30
2019-07-31,97.0,57.0,2019,7,31
2019-08-01,97.0,65.0,2019,8,1
2019-08-02,97.0,74.0,2019,8,2
2019-08-03,97.0,59.0,2019,8,3
2019-08-04,97.0,53.0,2019,8,4
2019-08-05,97.0,54.0,2019,8,5
2019-08-06,97.0,60.0,2019,8,6
2019-08-18,97.0,68.0,2019,8,18
2019-08-31,97.0,61.0,2019,8,31
2019-09-15,97.0,56.0,2019,9,15
2019-09-21,97.0,66.0,2019,9,21
2019-02-25,97.0,68.0,2019,2,25
2018-10-07,97.0,63.0,2018,10,7
2018-10-18,97.0,52.0,2018,10,18
2018-10-19,97.0,54.0,2018,10,19
2018-10-22,97.0,32.0,2018,10,22
2018-10-23,97.0,59.0,2018,10,23
2018-10-24,97.0,59.0,2018,10,24
2018-10-25,97.0,52.0,2018,10,25
2018-10-26,97.0,51.0,2018,10,26
2018-10-27,97.0,31.0,2018,10,27
2018-10-28,97.0,30.0,2018,10,28
2018-11-08,97.0,51.0,2018,11,8
2018-11-13,97.0,12.0,2018,11,13
2018-11-14,97.0,16.0,2018,11,14
2018-11-15,97.0,55.0,2018,11,15
2018-11-16,97.0,51.0,2018,11,16
2018-11-17,97.0,56.0,2018,11,17
2018-11-18,97.0,63.0,2018,11,18
2018-11-19,97.0,45.0,2018,11,19
2018-11-20,97.0,74.0,2018,11,20
2018-11-21,97.0,69.0,2018,11,21
2018-11-22,97.0,62.0,2018,11,22
2018-11-23,97.0,70.0,2018,11,23
2018-11-24,97.0,53.0,2018,11,24
2018-11-25,97.0,88.0,2018,11,25
2018-07-01,97.0,83.0,2018,7,1
2018-08-12,97.0,58.0,2018,8,12
2018-08-29,97.0,64.0,2018,8,29
2018-08-30,97.0,60.0,2018,8,30
2018-09-25,97.0,83.0,2018,9,25
2018-04-01,97.0,24.0,2018,4,1
2018-04-02,97.0,31.0,2018,4,2
2018-04-03,97.0,31.0,2018,4,3
2018-04-04,97.0,26.0,2018,4,4
2018-04-05,97.0,67.0,2018,4,5
2018-04-06,97.0,43.0,2018,4,6
2018-04-07,97.0,209.0,2018,4,7
2018-04-08,97.0,27.0,2018,4,8
2018-04-09,97.0,34.0,2018,4,9
2018-04-10,97.0,51.0,2018,4,10
2018-04-11,97.0,62.0,2018,4,11
2018-04-12,97.0,64.0,2018,4,12
2018-04-13,97.0,42.0,2018,4,13
2018-04-14,97.0,55.0,2018,4,14
2018-04-16,97.0,53.0,2018,4,16
2018-04-17,97.0,40.0,2018,4,17
2018-04-20,97.0,53.0,2018,4,20
2018-04-21,97.0,78.0,2018,4,21
2018-04-24,97.0,51.0,2018,4,24
2018-04-25,97.0,60.0,2018,4,25
2018-04-26,97.0,64.0,2018,4,26
2018-04-27,97.0,42.0,2018,4,27
2018-05-01,97.0,83.0,2018,5,1
2018-05-02,97.0,71.0,2018,5,2
2018-05-12,97.0,68.0,2018,5,12
2018-05-14,97.0,79.0,2018,5,14
2018-05-15,97.0,82.0,2018,5,15
2018-05-16,97.0,71.0,2018,5,16
2018-05-17,97.0,58.0,2018,5,17
2018-05-27,97.0,60.0,2018,5,27
2018-05-28,97.0,69.0,2018,5,28
2018-05-29,97.0,70.0,2018,5,29
2018-05-30,97.0,68.0,2018,5,30
2018-05-31,97.0,67.0,2018,5,31
2018-06-01,97.0,60.0,2018,6,1
2018-06-02,97.0,100.0,2018,6,2
2018-06-04,97.0,65.0,2018,6,4
2018-06-05,97.0,64.0,2018,6,5
2018-06-06,97.0,60.0,2018,6,6
2018-06-07,97.0,64.0,2018,6,7
2018-06-08,97.0,54.0,2018,6,8
2018-06-09,97.0,72.0,2018,6,9
2018-06-10,97.0,65.0,2018,6,10
2018-06-11,97.0,73.0,2018,6,11
2018-06-21,97.0,42.0,2018,6,21
2018-01-01,97.0,15.0,2018,1,1
2018-01-02,97.0,14.0,2018,1,2
2018-01-03,97.0,27.0,2018,1,3
2018-01-04,97.0,18.0,2018,1,4
2018-01-05,97.0,16.0,2018,1,5
2018-01-09,97.0,19.0,2018,1,9
2018-01-10,97.0,20.0,2018,1,10
2018-01-11,97.0,24.0,2018,1,11
2018-01-16,97.0,29.0,2018,1,16
2018-01-17,97.0,17.0,2018,1,17
2018-01-18,97.0,29.0,2018,1,18
2018-01-20,97.0,53.0,2018,1,20
2018-01-24,97.0,1.0,2018,1,24
2018-01-25,97.0,12.0,2018,1,25
2018-01-26,97.0,33.0,2018,1,26
2018-01-31,97.0,33.0,2018,1,31
2018-02-01,97.0,29.0,2018,2,1
2018-02-02,97.0,20.0,2018,2,2
2018-02-03,97.0,18.0,2018,2,3
2018-02-05,97.0,10.0,2018,2,5
2018-02-08,97.0,23.0,2018,2,8
2018-02-10,97.0,38.0,2018,2,10
2018-02-11,97.0,31.0,2018,2,11
2018-02-12,97.0,40.0,2018,2,12
2018-02-13,97.0,38.0,2018,2,13
2018-02-14,97.0,46.0,2018,2,14
2018-02-18,97.0,26.0,2018,2,18
2018-02-20,97.0,37.0,2018,2,20
2018-02-23,97.0,4.0,2018,2,23
2018-02-26,97.0,23.0,2018,2,26
2018-03-02,97.0,15.0,2018,3,2
2018-03-04,97.0,39.0,2018,3,4
2018-03-11,97.0,11.0,2018,3,11
2018-03-12,97.0,17.0,2018,3,12
2018-03-14,97.0,27.0,2018,3,14
2018-03-30,97.0,41.0,2018,3,30
2018-03-31,97.0,28.0,2018,3,31
2017-10-02,97.0,91.0,2017,10,2
2017-10-03,97.0,38.0,2017,10,3
2017-10-04,97.0,21.0,2017,10,4
2017-10-05,97.0,32.0,2017,10,5
2017-10-06,97.0,66.0,2017,10,6
2017-10-07,97.0,8.0,2017,10,7
2017-10-13,97.0,77.0,2017,10,13
2017-10-14,97.0,26.0,2017,10,14
2017-10-17,97.0,55.0,2017,10,17
2017-10-18,97.0,30.0,2017,10,18
2017-11-21,97.0,9.0,2017,11,21
2017-11-24,97.0,21.0,2017,11,24
2017-11-28,97.0,17.0,2017,11,28
2017-12-01,97.0,35.0,2017,12,1
2017-12-02,97.0,64.0,2017,12,2
2017-12-04,97.0,31.0,2017,12,4
2017-12-05,97.0,27.0,2017,12,5
2017-12-06,97.0,14.0,2017,12,6
2017-12-07,97.0,63.0,2017,12,7
2017-12-08,97.0,31.0,2017,12,8
2017-12-13,97.0,8.0,2017,12,13
2017-12-19,97.0,44.0,2017,12,19
2017-12-22,97.0,37.0,2017,12,22
2017-12-23,97.0,18.0,2017,12,23
2017-12-27,97.0,20.0,2017,12,27
2017-12-29,97.0,3.0,2017,12,29
2017-09-12,97.0,33.0,2017,9,12
2017-09-13,97.0,31.0,2017,9,13
2017-09-15,97.0,25.0,2017,9,15
2017-09-16,97.0,124.0,2017,9,16
2017-09-17,97.0,58.0,2017,9,17
2017-09-19,97.0,28.0,2017,9,19
2017-09-21,97.0,40.0,2017,9,21
2017-09-22,97.0,32.0,2017,9,22
2017-09-24,97.0,113.0,2017,9,24
2017-09-25,97.0,17.0,2017,9,25
2017-09-26,97.0,7.0,2017,9,26
2017-09-27,97.0,71.0,2017,9,27
2017-09-28,97.0,32.0,2017,9,28
2017-09-29,97.0,21.0,2017,9,29
2017-09-30,97.0,90.0,2017,9,30
2017-01-02,97.0,35.0,2017,1,2
2017-01-03,97.0,37.0,2017,1,3
2017-01-04,97.0,28.0,2017,1,4
2017-01-05,97.0,36.0,2017,1,5
2017-01-06,97.0,42.0,2017,1,6
2017-01-07,97.0,42.0,2017,1,7
2017-01-08,97.0,47.0,2017,1,8
2017-01-09,97.0,40.0,2017,1,9
2017-01-17,97.0,27.0,2017,1,17
2017-01-18,97.0,39.0,2017,1,18
2017-01-19,97.0,35.0,2017,1,19
2017-01-20,97.0,30.0,2017,1,20
2017-01-23,97.0,29.0,2017,1,23
2017-01-31,97.0,27.0,2017,1,31
2017-02-01,97.0,44.0,2017,2,1
2017-02-02,97.0,45.0,2017,2,2
2017-02-04,97.0,25.0,2017,2,4
2017-02-05,97.0,21.0,2017,2,5
2017-02-06,97.0,18.0,2017,2,6
2017-02-07,97.0,34.0,2017,2,7
2017-02-08,97.0,27.0,2017,2,8
2017-02-09,97.0,32.0,2017,2,9
2017-02-10,97.0,28.0,2017,2,10
2017-02-11,97.0,30.0,2017,2,11
2017-02-12,97.0,32.0,2017,2,12
2017-02-13,97.0,29.0,2017,2,13
2017-02-14,97.0,30.0,2017,2,14
2017-02-15,97.0,21.0,2017,2,15
2017-02-16,97.0,30.0,2017,2,16
2017-02-20,97.0,23.0,2017,2,20
2017-02-21,97.0,30.0,2017,2,21
2017-02-22,97.0,52.0,2017,2,22
2017-02-23,97.0,56.0,2017,2,23
2017-02-24,97.0,53.0,2017,2,24
2017-03-01,97.0,74.0,2017,3,1
2017-03-02,97.0,42.0,2017,3,2
2017-03-03,97.0,92.0,2017,3,3
2017-03-04,97.0,31.0,2017,3,4
2017-03-05,97.0,40.0,2017,3,5
2017-03-06,97.0,46.0,2017,3,6
2017-03-07,97.0,29.0,2017,3,7
2017-03-08,97.0,36.0,2017,3,8
2017-03-09,97.0,57.0,2017,3,9
2017-03-10,97.0,56.0,2017,3,10
2017-03-11,97.0,71.0,2017,3,11
2017-03-13,97.0,45.0,2017,3,13
2017-03-14,97.0,66.0,2017,3,14
2017-03-15,97.0,25.0,2017,3,15
2017-03-16,97.0,50.0,2017,3,16
2017-03-17,97.0,72.0,2017,3,17
2017-03-18,97.0,31.0,2017,3,18
2017-03-19,97.0,58.0,2017,3,19
2017-03-20,97.0,24.0,2017,3,20
2017-03-24,97.0,68.0,2017,3,24
2017-03-25,97.0,42.0,2017,3,25
2017-03-26,97.0,52.0,2017,3,26
2017-03-27,97.0,41.0,2017,3,27
2017-03-28,97.0,60.0,2017,3,28
2017-03-29,97.0,59.0,2017,3,29
2016-10-03,97.0,56.0,2016,10,3
2016-10-04,97.0,73.0,2016,10,4
2016-10-05,97.0,77.0,2016,10,5
2016-10-06,97.0,64.0,2016,10,6
2016-10-07,97.0,63.0,2016,10,7
2016-10-08,97.0,52.0,2016,10,8
2016-10-09,97.0,59.0,2016,10,9
2016-10-10,97.0,56.0,2016,10,10
2016-10-19,97.0,56.0,2016,10,19
2016-10-20,97.0,74.0,2016,10,20
2016-10-21,97.0,77.0,2016,10,21
2016-10-26,97.0,32.0,2016,10,26
2016-10-27,97.0,46.0,2016,10,27
2016-10-28,97.0,67.0,2016,10,28
2016-12-09,97.0,47.0,2016,12,9
2016-12-10,97.0,40.0,2016,12,10
2016-12-11,97.0,38.0,2016,12,11
2016-12-12,97.0,45.0,2016,12,12
2016-12-13,97.0,46.0,2016,12,13
2016-12-14,97.0,44.0,2016,12,14
2016-12-16,97.0,53.0,2016,12,16
2016-12-17,97.0,57.0,2016,12,17
2016-12-18,97.0,46.0,2016,12,18
2016-12-19,97.0,43.0,2016,12,19
2016-12-20,97.0,39.0,2016,12,20
2016-12-21,97.0,42.0,2016,12,21
2016-12-22,97.0,40.0,2016,12,22
2016-12-23,97.0,38.0,2016,12,23
2016-12-24,97.0,33.0,2016,12,24
2016-12-25,97.0,41.0,2016,12,25
2016-12-26,97.0,53.0,2016,12,26
2016-12-27,97.0,38.0,2016,12,27
2016-12-28,97.0,58.0,2016,12,28
2016-12-29,97.0,39.0,2016,12,29
2016-12-30,97.0,60.0,2016,12,30
2017-01-01,97.0,54.0,2017,1,1
2016-08-16,97.0,62.0,2016,8,16
2016-08-17,97.0,100.0,2016,8,17
2016-08-18,97.0,56.0,2016,8,18
2016-08-19,97.0,66.0,2016,8,19
2016-08-20,97.0,67.0,2016,8,20
2016-08-21,97.0,73.0,2016,8,21
2016-08-22,97.0,53.0,2016,8,22
2016-08-23,97.0,54.0,2016,8,23
2016-08-24,97.0,50.0,2016,8,24
2016-08-25,97.0,79.0,2016,8,25
2016-08-26,97.0,72.0,2016,8,26
2016-09-05,97.0,39.0,2016,9,5
2016-09-13,97.0,98.0,2016,9,13
2016-09-14,97.0,64.0,2016,9,14
2016-09-15,97.0,73.0,2016,9,15
2016-09-16,97.0,82.0,2016,9,16
2016-09-17,97.0,60.0,2016,9,17
2016-09-18,97.0,63.0,2016,9,18
2016-09-19,97.0,66.0,2016,9,19
2016-09-20,97.0,60.0,2016,9,20
2016-09-21,97.0,48.0,2016,9,21
2016-09-22,97.0,49.0,2016,9,22
2016-09-23,97.0,45.0,2016,9,23
2016-09-24,97.0,59.0,2016,9,24
2016-09-25,97.0,90.0,2016,9,25
2016-09-26,97.0,34.0,2016,9,26
2016-09-27,97.0,82.0,2016,9,27
2016-09-28,97.0,56.0,2016,9,28
2016-06-28,97.0,33.0,2016,6,28
2016-06-29,97.0,70.0,2016,6,29
2016-06-30,97.0,68.0,2016,6,30
2016-01-05,97.0,77.0,2016,1,5
2016-01-06,97.0,83.0,2016,1,6
2016-01-18,97.0,86.0,2016,1,18
2016-01-19,97.0,65.0,2016,1,19
2016-01-20,97.0,55.0,2016,1,20
2016-01-21,97.0,54.0,2016,1,21
2016-01-22,97.0,57.0,2016,1,22
2016-01-23,97.0,50.0,2016,1,23
2016-01-24,97.0,49.0,2016,1,24
2016-01-25,97.0,43.0,2016,1,25
2016-01-26,97.0,56.0,2016,1,26
2016-01-27,97.0,74.0,2016,1,27
2016-01-28,97.0,65.0,2016,1,28
2016-01-29,97.0,62.0,2016,1,29
2016-01-30,97.0,63.0,2016,1,30
2016-02-01,97.0,43.0,2016,2,1
2016-02-02,97.0,50.0,2016,2,2
2016-02-03,97.0,49.0,2016,2,3
2016-02-04,97.0,55.0,2016,2,4
2016-02-05,97.0,52.0,2016,2,5
2016-02-06,97.0,66.0,2016,2,6
2016-02-07,97.0,51.0,2016,2,7
2016-02-08,97.0,40.0,2016,2,8
2016-02-09,97.0,34.0,2016,2,9
2016-02-10,97.0,45.0,2016,2,10
2016-02-11,97.0,48.0,2016,2,11
2016-02-12,97.0,49.0,2016,2,12
2016-02-13,97.0,70.0,2016,2,13
2016-02-14,97.0,63.0,2016,2,14
2016-02-15,97.0,58.0,2016,2,15
2016-02-18,97.0,59.0,2016,2,18
2016-02-24,97.0,63.0,2016,2,24
2016-02-25,97.0,36.0,2016,2,25
2016-02-26,97.0,29.0,2016,2,26
2015-10-06,97.0,99.0,2015,10,6
2015-10-07,97.0,83.0,2015,10,7
2015-10-08,97.0,86.0,2015,10,8
2015-10-09,97.0,75.0,2015,10,9
2015-10-10,97.0,103.0,2015,10,10
2015-10-11,97.0,78.0,2015,10,11
2015-10-14,97.0,77.0,2015,10,14
2015-10-15,97.0,108.0,2015,10,15
2015-10-16,97.0,66.0,2015,10,16
2015-10-17,97.0,105.0,2015,10,17
2015-10-18,97.0,92.0,2015,10,18
2015-10-19,97.0,90.0,2015,10,19
2015-10-20,97.0,93.0,2015,10,20
2015-10-21,97.0,105.0,2015,10,21
2015-10-22,97.0,65.0,2015,10,22
2015-10-26,97.0,89.0,2015,10,26
2015-10-28,97.0,81.0,2015,10,28
2015-10-29,97.0,88.0,2015,10,29
2015-10-31,97.0,87.0,2015,10,31
2015-12-03,97.0,80.0,2015,12,3
2015-12-11,97.0,64.0,2015,12,11
2015-12-15,97.0,37.0,2015,12,15
2015-12-28,97.0,58.0,2015,12,28
2015-12-30,97.0,43.0,2015,12,30
2015-07-16,97.0,62.0,2015,7,16
2015-07-17,97.0,63.0,2015,7,17
2015-07-18,97.0,60.0,2015,7,18
2015-07-19,97.0,60.0,2015,7,19
2015-07-20,97.0,59.0,2015,7,20
2015-07-21,97.0,61.0,2015,7,21
2015-07-22,97.0,65.0,2015,7,22
2015-07-23,97.0,71.0,2015,7,23
2015-07-24,97.0,69.0,2015,7,24
2015-07-25,97.0,75.0,2015,7,25
2015-07-26,97.0,71.0,2015,7,26
2015-07-27,97.0,60.0,2015,7,27
2015-07-28,97.0,65.0,2015,7,28
2015-07-29,97.0,66.0,2015,7,29
2015-07-30,97.0,75.0,2015,7,30
2015-07-31,97.0,70.0,2015,7,31
2015-08-03,97.0,64.0,2015,8,3
2015-08-04,97.0,85.0,2015,8,4
2015-08-05,97.0,92.0,2015,8,5
2015-08-06,97.0,76.0,2015,8,6
2015-08-07,97.0,68.0,2015,8,7
2015-08-10,97.0,79.0,2015,8,10
2015-08-12,97.0,68.0,2015,8,12
2015-08-14,97.0,68.0,2015,8,14
2015-08-20,97.0,80.0,2015,8,20
2015-08-23,97.0,80.0,2015,8,23
2015-08-24,97.0,85.0,2015,8,24
2015-08-25,97.0,84.0,2015,8,25
2015-08-26,97.0,77.0,2015,8,26
2015-08-27,97.0,91.0,2015,8,27
2015-08-28,97.0,83.0,2015,8,28
2015-09-01,97.0,79.0,2015,9,1
2015-09-02,97.0,88.0,2015,9,2
2015-09-03,97.0,98.0,2015,9,3
2015-09-04,97.0,81.0,2015,9,4
2015-09-08,97.0,77.0,2015,9,8
2015-09-09,97.0,75.0,2015,9,9
2015-09-10,97.0,87.0,2015,9,10
2015-09-11,97.0,83.0,2015,9,11
2015-09-12,97.0,86.0,2015,9,12
2015-09-13,97.0,80.0,2015,9,13
2015-09-14,97.0,68.0,2015,9,14
2015-09-15,97.0,104.0,2015,9,15
2015-09-16,97.0,81.0,2015,9,16
2015-09-17,97.0,93.0,2015,9,17
2015-09-18,97.0,86.0,2015,9,18
2015-09-19,97.0,86.0,2015,9,19
